match_id,shot_id,x,y,goal,sb_xg,body_part,play_pattern,distance,angle,header,defenders_in_cone,baseline_xg,vlm_xg,vlm_reason,gap,cone_bin,dist_bin
3857268,535b2a25-6aaf-4936-8390-841cd52843ea,103.1,38.1,0,0.04574546,Left Foot,Regular Play,17.00646935727696,0.45951055144600994,0,2,0.08386830261308277,0.35,"The shot is taken from a central position within the penalty area, but there are multiple defenders close to the shooter and the goalkeeper is well-positioned.",0.30425453999999996,2,12-18
3857263,f13161cf-dd08-44ae-acf0-da55ad0eca29,104.9,23.6,0,0.024480116,Right Foot,From Throw In,22.29282395749807,0.24606929790385457,0,2,0.04417264105886867,0.45,"The shot is taken from a central, close-range position within the penalty area with several defenders nearby but a clear sight of the goal.",0.425519884,2,18-25
3857279,f951c284-4260-4f72-a737-c5cd541fcefa,107.5,31.1,0,0.12751806,Right Foot,From Throw In,15.344705927452633,0.42755403521158536,0,1,0.14294861610394477,0.35,"The shot is taken from a relatively central position within the penalty area, but the goalkeeper is well-positioned and there are several defenders close to the shooter.",0.22248194,1,12-18
3857274,480e1191-458e-4d33-af33-5c6fdf422fe0,105.1,38.0,0,0.13418972,Left Foot,Regular Play,15.033628969746465,0.5162491646697994,0,1,0.18482889892402293,0.15,The shot is taken from a relatively central position but is heavily contested by multiple defenders in close proximity to the goal.,0.015810279999999982,1,12-18
3869684,94591107-50c8-45bf-a895-3f8d69baf1b9,99.5,23.8,0,0.02730659,Right Foot,From Kick Off,26.1283371074395,0.24120231006838633,0,2,0.02924990526006092,0.15,The shot is taken from a central position within the penalty area but is heavily contested by multiple defenders in close proximity to the shooter.,0.12269341,2,25+
3857281,641dd945-e22d-4614-b142-de0ae99d2ae5,98.3,50.1,0,0.03829635,Right Foot,Regular Play,23.93532953606447,0.30217923157807447,0,2,0.039933712676237874,0.35,"The shot is taken from a relatively central position within the penalty area, but there is significant defensive congestion and a goalkeeper positioned to cover the angle.",0.31170365,2,18-25
3869254,2b86a444-5696-4c2d-ba7f-837ec9756684,118.7,35.4,1,0.6688656,Right Foot,From Corner,4.780167361086849,0.9883615944402495,0,0,0.5844276711407622,0.65,"The shot is taken from a very central, high-quality position close to the goal with a relatively clear path, despite some defensive pressure.",-0.018865599999999927,0,<6
3869253,95582d85-7eed-4aeb-bbe6-2b1a429b6295,119.3,30.8,0,0.017834108,Right Foot,From Goal Kick,9.226592003551474,0.08083030157048787,0,0,0.29743386634618035,0.75,The shot is taken from very close range with a clear sight of the goal and minimal defensive obstruction.,0.732165892,0,6-12
3857265,2a275f0d-eb16-4923-9c98-b2e7f7fdf086,107.9,29.9,0,0.0609232,Right Foot,From Throw In,15.761345120261781,0.39463835652054263,0,2,0.08322180522699295,0.65,"The shot is taken from a central, high-quality position very close to the goal with a relatively clear path to the net.",0.5890768000000001,2,12-18
3857294,24f06115-ff02-43b0-9381-e895e38a736f,102.2,59.1,0,0.010698183,Left Foot,Regular Play,26.108427758101406,0.21074961305529094,0,1,0.04633469939496654,0.15,The shot is taken from a relatively central position but is heavily contested by multiple defenders in close proximity to the goal.,0.139301817,1,25+
3857299,ef6accb7-1ca3-46b0-9ba9-9c1f3fee82aa,114.5,47.9,0,0.059008703,Head,From Corner,9.626006440887103,0.521054562436134,1,2,0.06143826913519131,0.05,The shot is taken from a very tight angle with a dense cluster of defenders blocking the path to the goal.,-0.009008703,2,6-12
3857299,0337c5e5-aaeb-4704-a6c6-35590a5cb9a0,110.9,29.2,0,0.065267496,Right Foot,From Corner,14.122676800097066,0.37777787092296033,0,2,0.08919742082391957,0.75,The shot is taken from very close range with a clear sight of the goal and minimal defensive pressure directly in the shooter's path.,0.684732504,2,12-18
3857283,7dc143c8-2c30-4d5e-b227-682e509874b1,116.6,28.9,0,0.036752854,Left Foot,Regular Play,11.609048195265625,0.22513178308163528,0,0,0.2404614988977975,0.85,"The shooter has a clear, unobstructed shot from very close range with the goalkeeper out of position.",0.8132471459999999,0,6-12
3857284,fa3b646a-a38f-456c-ae47-678e3be6d54b,100.3,40.9,0,0.088851534,Right Foot,From Free Kick,19.720547659738056,0.3998644211605725,0,1,0.0932182555158556,0.15,The shot is taken from a central position but is heavily contested by multiple defenders in close proximity to the goal.,0.061148466,1,18-25
3857300,3a9a382c-c6fc-4f96-9b1e-9eae06af8ebb,111.1,39.9,0,0.33156127,Right Foot,From Corner,8.900561780022658,0.8446947340370201,0,2,0.2232786861052273,0.35,"The shot is taken from a central position within the penalty area, but the goal is heavily congested by multiple defenders and the goalkeeper.",0.01843872999999996,2,6-12
3857254,eae27d9b-4c57-427b-8b4c-6e7cd0f1b5cb,95.0,30.2,0,0.028684001,Right Foot,Regular Play,26.852187992787478,0.27641035085136373,0,2,0.025350799008447947,0.35,"The shot is taken from a central position relatively close to the goal, but there are multiple defenders in the immediate vicinity of the shooter.",0.32131599899999996,2,25+
3857267,d68c0771-3315-4ef2-8c10-82157b6eeb7e,107.9,41.9,0,0.035411544,Head,From Corner,12.248265183282074,0.625523179480131,1,2,0.055077149179014885,0.35,"The shot is taken from a central position within the penalty area with a relatively clear sight of goal, despite the presence of defenders.",0.31458845599999996,2,12-18
3857292,e9d3617f-6951-47d3-a0f0-f99a6bd56390,106.3,47.2,0,0.05438086,Right Foot,Regular Play,15.476756766196209,0.4558692296069522,0,2,0.1023293307892441,0.35,"The shot is taken from a central position within the penalty area, but the presence of multiple defenders and the goalkeeper's positioning reduces the scoring probability.",0.29561914,2,12-18
3857299,9d2721df-3127-484a-baa3-99140a5f540b,109.2,32.5,0,0.10557394,Right Foot,From Free Kick,13.148764200486672,0.5033837910816514,0,2,0.1116121896741222,0.45,"The shot is taken from a central, relatively close position within the penalty area, though there are several defenders nearby.",0.34442606,2,12-18
3857272,c0e30aed-d026-4957-8d78-509ab472e2bc,109.2,38.6,0,0.04222343,Head,From Corner,10.890362712049582,0.6998928697192438,1,3,0.038349428499246795,0.15,The shot is taken from a relatively central position but is heavily contested by multiple defenders in close proximity to the goal.,0.10777656999999999,3+,6-12
3869254,6e8ce1fe-2cc7-499d-a137-df556d0ce758,107.5,33.4,0,0.31703457,Left Foot,Regular Play,14.135416513141735,0.49825591426657806,0,1,0.17042566049228605,0.35,"The shot is taken from a central position relatively close to the goal, but there are two defenders positioned closely to block or intercept the path.",0.03296542999999996,1,12-18
3857280,620c38af-7953-47a7-8b22-948783027911,101.0,51.2,0,0.037848417,Left Foot,From Free Kick,22.055384830013736,0.3125140645167815,0,2,0.04347261775123957,0.35,"The shot is taken from a relatively central position within the penalty area, but the goalkeeper is well-positioned and there are several defenders close to the shooter.",0.31215158299999995,2,18-25
3857284,d71bc1d5-1501-4fe6-9ae8-a490371ee93e,117.7,50.2,1,0.02668418,Right Foot,From Free Kick,10.45609869884557,0.19465358135937305,0,1,0.1732498382830926,0.85,"The shot is taken from very close range, centrally, with the goalkeeper out of position and minimal defensive pressure.",0.82331582,1,6-12
3857280,79b4ee7e-a9d3-4830-8aaa-98c6de71e178,91.8,17.8,0,0.006493906,Right Foot,Regular Play,35.88983142897163,0.17552234067309536,0,2,0.009456991746580292,0.35,"The shot is taken from a central position within the penalty area with a relatively clear sight of goal, despite some defensive pressure.",0.343506094,2,25+
3857272,f599adfa-210a-4a2a-9e72-13132f299650,110.5,39.5,0,0.18268152,Right Foot,From Free Kick,9.513148795220223,0.7953646108036554,0,1,0.36386488376859355,0.35,"The shot is taken from a central position within the penalty area, but the goal is heavily congested by multiple defenders and the goalkeeper is well-positioned.",0.16731848,1,6-12
3857285,819e2c8c-5a57-4cf6-b3e6-36e23513dc9a,109.4,38.0,0,0.045367446,Head,From Corner,10.787029248129436,0.701559718685999,1,3,0.040178308599404446,0.15,The shot is taken from a relatively central position but is heavily contested by multiple defenders in close proximity to the goal.,0.10463255399999999,3+,6-12
3857265,9be1b301-9784-4f2b-b709-d2d4dec0d578,109.4,24.8,0,0.04959144,Left Foot,Regular Play,18.531055015837598,0.2534408822433224,0,1,0.09460978100699836,0.35,"The shot is taken from a relatively central position within the penalty area, but there is a defender close by and the goalkeeper is well-positioned.",0.30040856,1,18-25
3857292,fd610db8-b330-48eb-a1ef-a12f8f806da2,114.5,44.2,0,0.41498688,Right Foot,From Corner,6.9202601107183845,0.9436371208522598,0,1,0.418415581427958,0.35,"The shot is taken from a relatively central position within the penalty area, but there are multiple defenders close to the shooter and the goalkeeper is well-positioned.",-0.06498688000000002,1,6-12
3857266,8d13ea77-6e18-493c-8e54-258f942c255b,108.9,44.3,0,0.04225832,Head,From Free Kick,11.903780911962377,0.615037659164582,1,1,0.08277120889233618,0.35,"The shot is taken from a central position within the penalty area, but there is significant defensive congestion between the shooter and the goal.",0.30774167999999996,1,6-12
3857256,76686ee8-2674-4762-a7d0-1b9dc6fb4d10,115.4,38.6,0,0.5168786,Other,Regular Play,4.808326112068517,1.3796794621687147,0,1,0.5921754933101506,0.35,"The shot is taken from a relatively central position within the penalty area, but there are multiple defenders close to the shooter and the goalkeeper is well-positioned.",-0.1668786,1,<6
3857273,b37c4059-f00c-411b-93d6-e3c13355a153,88.9,36.5,0,0.02170084,Left Foot,From Throw In,31.296325662927263,0.25271499065655095,0,1,0.03057872935654353,0.35,"The shot is taken from a central position within the penalty area with a relatively clear sight of goal, despite some defensive pressure.",0.32829916,1,25+
3857291,4b230dcf-b3cd-42eb-aa82-b73c0f958617,105.8,33.4,1,0.09218961,Left Foot,Regular Play,15.65886330485071,0.46015111975307527,0,1,0.14172943676249142,0.35,"The shot is taken from a central position within the penalty area, but there is significant defensive pressure from nearby opponents.",0.25781038999999994,1,12-18
3857292,3074f495-700d-416f-b0af-f2db45328354,98.5,47.8,0,0.080942705,Left Foot,Regular Play,22.871160880025307,0.3270125136623522,0,1,0.0705964982607619,0.35,"The shot is taken from a relatively central position within the penalty area, but there are several defenders close to the shooter and the goalkeeper is well-positioned.",0.269057295,1,18-25
3869253,afbe9884-329f-4721-a822-ccba6d081310,112.0,49.2,0,0.2577265,Left Foot,Regular Play,12.191800523302538,0.44955719075216904,0,1,0.21562450325750224,0.45,"The shot is taken from a central, high-quality position within the penalty area with several defenders nearby but a clear sight of the goal.",0.19227349999999999,1,12-18
3857284,be213c96-cdf9-4a6a-a1c5-4e8c33966c0b,103.3,47.4,0,0.06444196,Right Foot,Regular Play,18.26608879864543,0.3981283098648094,0,2,0.07545527518165353,0.35,"The shot is taken from a central position within the penalty area with a relatively clear sight of goal, despite some defensive pressure.",0.28555803999999996,2,18-25
3869486,4d09313e-118e-459a-9ee8-01dc7a56f08f,108.7,40.0,0,0.10594022,Head,From Goal Kick,11.299999999999997,0.6804362232893666,1,1,0.08682351163893863,0.35,"The shot is taken from a central position within the penalty area, but the presence of multiple defenders close to the shooter reduces the scoring probability.",0.24405977999999998,1,6-12
3857270,764b23bf-288e-458f-8cd8-6d77176339ee,95.3,49.1,0,0.026902085,Right Foot,Regular Play,26.322993750711568,0.2840266831740019,0,2,0.031141761000983495,0.35,"The shot is taken from a central position relatively close to the goal, but the presence of multiple defenders in the immediate vicinity reduces the scoring probability.",0.32309791499999996,2,25+
3857258,9cde5a33-b4a9-4bbe-8ea2-76d7ef1badfc,88.0,32.0,0,0.021819543,Left Foot,From Free Kick,32.984845004941285,0.2344156757238108,0,2,0.015432562540668174,0.45,"The shot is taken from a central, close-range position within the penalty area, though several defenders are positioned to block or intercept.",0.428180457,2,25+
3869685,449f2702-ad18-4bc8-a9ef-59fb1dc1a707,110.8,41.6,0,0.10655013,Head,Regular Play,9.338094023943004,0.8019712315100654,1,2,0.07555638056389936,0.35,"The shot is taken from a central position within the penalty area, but there are multiple defenders close to the shooter and the goalkeeper is well-positioned.",0.24344986999999996,2,6-12
3857301,73de072f-23cd-4f38-89be-fd209c58b659,110.1,38.7,1,0.072239615,Head,From Free Kick,9.984988733093298,0.7577808775159056,1,1,0.11072048478345496,0.35,"The shot is taken from a central position within the penalty area, but there are multiple defenders close to the shooter and the goalkeeper is well-positioned.",0.277760385,1,6-12
3857275,a53883b6-db8a-4d3d-bca7-10c49010f58e,95.6,30.2,0,0.06416701,Right Foot,From Free Kick,26.294486114012578,0.2813475961104185,0,5,0.004246117252916657,0.15,"The shot is taken from a central position close to the goal, but it is heavily contested by multiple defenders in the immediate vicinity of the shooter.",0.08583299,3+,25+
3857271,c9bdb7ab-5b37-4fea-a46b-5969a3563175,104.1,38.5,1,0.061030492,Left Foot,From Corner,15.970597985047403,0.4889841539748713,0,4,0.03401071514515806,0.35,"The shot is taken from a central position within the penalty area, but the goalkeeper and several defenders are well-positioned to block the path to the goal.",0.288969508,3+,12-18
3857278,e3b647a1-3b4c-4b02-89f5-fedb8ae83755,102.0,50.5,0,0.043695714,Right Foot,From Corner,20.838665984174707,0.3315804433151038,0,4,0.019688399459399677,0.15,The shot is taken from a relatively central position but is heavily contested by multiple defenders in close proximity to the goal.,0.106304286,3+,18-25
3857281,ede02998-ca90-4878-bfcd-7cd738fb99dd,101.1,59.8,0,0.011981465,Left Foot,From Free Kick,27.37243138634199,0.20335496486658267,0,3,0.016340667758752984,0.35,"The shot is taken from a central position within the penalty area, but the goalkeeper is well-positioned and there are multiple defenders close to the shooter.",0.33801853499999995,3+,25+
3869552,90d7ee1b-aa71-4292-ba17-0bcd15e6e03a,107.2,33.9,0,0.06408756,Right Foot,From Corner,14.179210133149164,0.5054222332580717,0,2,0.12375434425240055,0.15,"The shot is taken from a relatively central position within the box, but the goalkeeper is well-positioned and there are multiple defenders obstructing the path to the goal.",0.08591243999999999,2,12-18
3857279,4b8db9ec-fbb1-485b-b348-d8bb3aecbf07,110.5,39.2,1,0.77927965,Right Foot,Regular Play,9.53362470417207,0.792754383012797,0,0,0.4059495303665623,0.75,"The shooter has a clear, close-range shot on goal with minimal immediate pressure from defenders.",-0.02927964999999999,0,6-12
3857301,9cac3331-2996-499e-8bd1-c3bcdde52453,108.8,48.6,0,0.05329144,Right Foot,Regular Play,14.120906486483086,0.45444541477030514,0,2,0.09959307813183867,0.35,"The shot is taken from a central position within the penalty area with a relatively clear sight of goal, despite the presence of several defenders.",0.29670855999999995,2,12-18
3869420,b85a7aad-d825-414a-bc3b-836ff6fbff82,112.9,49.4,0,0.057022728,Head,From Corner,11.780067911519012,0.43332681228495673,1,1,0.0632599747602436,0.45,"The shot is taken from a central, relatively close position within the penalty area, though there is significant defensive congestion in the goalmouth.",0.392977272,1,6-12
3857282,0e55900b-d2c5-4473-b159-aa752a27e8f7,114.7,37.5,0,0.14399761,Head,From Corner,5.860034129593442,1.162550565251639,1,1,0.30380495460755136,0.05,The shot is taken from a very tight angle with a crowded penalty area and a goalkeeper well-positioned to cover the goal.,-0.09399761,1,<6
3869684,40c60798-23de-4690-ab6b-47b58c1f58c4,106.5,21.3,1,0.013095795,Right Foot,Regular Play,23.063824487712353,0.20634721268956402,0,1,0.05474323522965777,0.45,"The shot is taken from a central, close-range position within the penalty area with a clear sight of the goal, despite some defensive pressure.",0.436904205,1,18-25
3857294,8294e192-b4b3-410d-88bf-dbafd1d5d730,114.9,52.7,0,0.04113277,Right Foot,From Kick Off,13.685759021698432,0.23382210123808456,0,1,0.1469158476997986,0.35,"The shot is taken from a relatively central position within the penalty area, but there are multiple defenders close to the shooter and the goalkeeper is well-positioned.",0.30886723,1,12-18
3857292,02c29470-d751-4a39-b438-d7f2d1de3f23,113.1,37.6,1,0.31018513,Left Foot,Regular Play,7.305477397131557,0.9756789227718242,0,1,0.41733359148767546,0.35,"The shot is taken from a central position within the penalty area, but there is significant defensive pressure from multiple opponents close to the shooter.",0.03981487,1,6-12
3857266,1d65242c-90e4-4111-9274-491bf60a4ae7,83.0,42.5,0,0.006951803,Right Foot,Regular Play,37.08436328157732,0.21441954161623356,0,1,0.024153891967678514,0.15,The shot is taken from a central position but is heavily contested by multiple defenders in close proximity to the goal.,0.143048197,1,25+
3869685,9615ffbc-b513-45e6-9ccc-015234483f95,109.7,46.0,0,0.11555985,Right Foot,Regular Play,11.920151005754915,0.578832772003251,0,1,0.2047131426641313,0.65,The shot is taken from a very close central position with a clear sight of the goal and minimal immediate defensive pressure.,0.53444015,1,6-12
3869117,67f52955-48b3-418c-976f-a34575324c1d,103.1,51.4,0,0.043403003,Left Foot,Regular Play,20.385534086699817,0.32627106846843007,0,3,0.02814769880818863,0.35,"The shot is taken from a relatively central position close to the goal, but is heavily contested by multiple defenders.",0.306596997,3+,18-25
3857256,2d49a2a9-4a1d-4198-aa2c-b09ca2ed4565,102.2,43.2,0,0.02594082,Head,Regular Play,18.08535318980528,0.42928842523858124,1,2,0.025632134149345058,0.35,"The shot is taken from a central position within the penalty area, but there are multiple defenders close to the shooter and the goalkeeper is well-positioned.",0.32405918,2,18-25
3857275,a937340c-4952-453c-9606-d316b920cf67,111.3,41.5,0,0.061025612,Head,From Corner,8.828363381737299,0.8435657089420137,1,2,0.10075573903292663,0.45,"The shot is taken from a central, high-quality position within the penalty area, though the presence of several defenders and the goalkeeper reduces the probability.",0.388974388,2,6-12
3857274,6e57cb5e-fe39-4d22-ab15-155340299c5e,100.6,23.5,0,0.029882463,Right Foot,Regular Play,25.467822835884505,0.24058122941463456,0,1,0.05248928493180724,0.35,"The shot is taken from a relatively central position within the penalty area, but there are multiple defenders close to the shooter and the goalkeeper is well-positioned.",0.32011753699999995,1,25+
3857254,af44367b-ffb2-4595-bc0e-975f6abe7ca6,92.2,49.3,0,0.020917216,Right Foot,From Corner,29.31433096626972,0.25784602942461693,0,5,0.0036982374016609966,0.35,"The shot is taken from a relatively central position within the penalty area, but the presence of multiple defenders close to the shooter reduces the scoring probability.",0.32908278399999996,3+,25+
3857269,b73e743c-d52b-41c7-b455-268e8938cbe9,110.6,37.4,0,0.07814184,Head,From Free Kick,9.752948272189293,0.7600018622038386,1,1,0.14688743075435914,0.65,"The shot is taken from a central, high-quality position very close to the goal with a relatively clear path, despite some defensive pressure.",0.57185816,1,6-12
3857281,34382857-95ed-4b41-8b3b-0b372664bf39,106.8,47.1,1,0.10933437,Left Foot,Regular Play,14.988328792764058,0.4685242197979661,0,2,0.10818884258067561,0.35,"The shot is taken from a central position within the penalty area with a relatively clear sight of goal, despite some defensive pressure.",0.24066562999999996,2,12-18
3857270,34eba09f-f80e-4bf8-b56d-3bceab8a5eed,108.1,33.8,0,0.041303303,Head,From Throw In,13.418271125595881,0.5258163877480667,1,4,0.017364772635822916,0.15,The shot is taken from a relatively central position but is heavily contested by multiple defenders and the goalkeeper is well-positioned.,0.108696697,3+,12-18
3857266,9e5a1e2d-6c0e-4e11-b710-ccfd5ac90ee9,110.0,45.1,0,0.23786028,Right Foot,From Throw In,11.225417586887358,0.6287530457432835,0,1,0.22395764663090542,0.35,"The shot is taken from a relatively central position close to the goal, but there are multiple defenders in the immediate vicinity of the shooter and the goal.",0.11213971999999997,1,6-12
3857298,83c4eb51-6f0c-4174-9b1a-37bc9aa37a9a,98.1,36.6,0,0.07171052,Right Foot,Regular Play,22.162355470481927,0.3532449069995808,0,1,0.07735087206884668,0.45,"The shot is taken from a central, close-range position with a relatively clear sight of the goal, despite some defensive pressure.",0.37828948,1,18-25
3869118,8dd1ce3c-8097-412a-9951-4939e15903f3,107.6,38.0,1,0.13174866,Left Foot,From Goal Kick,12.56025477448607,0.6105744492388527,0,1,0.21069884343931164,0.05,The shot is taken from a very tight angle with multiple defenders closely contesting the space.,-0.08174865999999999,1,12-18
3857299,63df3171-a209-4ce8-8a45-069cc7ce977b,96.7,49.1,0,0.03008143,Right Foot,From Corner,25.013996082193664,0.29669997830463296,0,4,0.010164867520866932,0.05,The shot is taken from a relatively long distance and is heavily contested by multiple defenders in the immediate vicinity of the goal.,0.019918570000000003,3+,25+
3857279,76fd24e6-a4f1-4a23-8fe8-6c154da2aafd,106.5,38.2,0,0.08098688,Right Foot,From Throw In,13.6194713553794,0.5673283649069627,0,2,0.13867557972342584,0.15,The shot is taken from a relatively central position but is heavily contested by multiple defenders in close proximity to the goal.,0.06901312,2,12-18
3857261,f3bcd7c8-1fb7-4336-b5b9-ba70dd428ae4,92.6,52.6,0,0.031328887,Left Foot,From Free Kick,30.15824928605771,0.24057089683518773,0,4,0.005156116756823062,0.15,The shot is taken from a relatively central position but is heavily contested by multiple defenders in close proximity to the goal.,0.118671113,3+,25+
3869486,8fd3af63-509c-463b-88d2-fa1c6eabb793,101.0,35.5,0,0.057325892,Right Foot,From Throw In,19.525624189766635,0.3943536318801128,0,2,0.06660234296061654,0.35,"The shot is taken from a central position within the penalty area, but the presence of multiple defenders close to the shooter reduces the scoring probability.",0.292674108,2,18-25
3857301,72907c83-f8eb-421f-aa75-3b2d4c96d747,110.5,39.5,0,0.06740542,Head,Regular Play,9.513148795220223,0.7953646108036554,1,2,0.07407745731190651,0.35,"The shot is taken from a central position within the penalty area, but there is significant defensive pressure from multiple opponents in close proximity to the shooter.",0.28259458,2,6-12
3857258,ced60082-1f48-48d6-9398-4f1d05993843,86.3,31.2,0,0.010592449,Right Foot,Regular Play,34.83001579098121,0.22150982472233147,0,3,0.007976169761177992,0.15,The shot is taken from a central position outside the box with a crowded penalty area and a goalkeeper well-positioned to react.,0.139407551,3+,25+
3869117,51847ed7-8369-40a5-a442-862b9063b95f,100.0,50.7,0,0.053106464,Left Foot,Regular Play,22.68237200999931,0.31058198523001046,0,2,0.03865099110024325,0.35,"The shot is taken from a central position within the penalty area with a relatively clear sight of goal, despite some defensive pressure.",0.29689353599999996,2,18-25
3857264,ce3c5309-f67c-45f6-9ff3-354a958dc5f7,110.4,27.6,0,0.19083758,Left Foot,Regular Play,15.681836627130123,0.3223767283911958,0,1,0.13419863774334315,0.35,"The shot is taken from a relatively central position within the penalty area, but there are multiple defenders close to the shooter and the goalkeeper is well-positioned.",0.15916241999999997,1,12-18
3857295,79a770c1-3ec1-4ea5-b834-9a58ed3b3843,107.6,37.5,0,0.08747226,Head,From Throw In,12.649505919204913,0.6031974113848739,1,1,0.07019825854408106,0.35,"The shot is taken from a central position within the penalty area, but there are multiple defenders close to the shooter and the goalkeeper is well-positioned.",0.26252774,1,12-18
3857257,3a1509ee-760a-4695-8f34-4fc753ad490c,117.6,33.5,0,0.08217044,Right Foot,From Counter,6.928924880528005,0.5402816642962681,0,1,0.34395870594266326,0.75,"The shooter has a clear, high-quality shot from very close range with minimal defensive pressure directly in the shooting lane.",0.66782956,1,6-12
3869151,9fa41c60-ab9c-4fcb-8d5c-39a781e7a9c0,99.8,38.5,0,0.04517154,Left Foot,Regular Play,20.255616505058544,0.3889693393795741,0,1,0.0876217122572569,0.35,"The shot is taken from a central position relatively close to the goal, but the presence of multiple defenders in the immediate vicinity reduces the scoring probability.",0.30482845999999997,1,18-25
3869354,4bba88e2-fa9e-4890-ae65-0fbbd71e2932,109.1,35.0,0,0.07199757,Head,From Free Kick,11.992080720208655,0.598722304783313,1,1,0.07438768573646395,0.35,"The shot is taken from a central position within the penalty area, but is heavily contested by multiple defenders in close proximity to the shooter.",0.27800242999999997,1,6-12
3857267,5f66b1e6-4264-46d4-bf52-ec9e834b12c6,108.1,33.6,0,0.03057826,Head,From Free Kick,13.511846653955192,0.5192236942669259,1,1,0.07373922860385597,0.35,"The shot is taken from a central position within the penalty area, but there is significant defensive congestion between the shooter and the goal.",0.31942173999999995,1,12-18
3857259,52b8141b-59ae-4ae1-8509-7ac620e4c9e1,99.6,46.7,1,0.058657028,Left Foot,From Throw In,21.47207488809594,0.3514745034452034,0,2,0.05307541996115159,0.15,The shot is taken from a relatively central position but is heavily contested by multiple defenders in close proximity to the goal.,0.091342972,2,18-25
3857287,108530c5-bc45-44f6-a676-961004913a8c,94.5,54.2,0,0.023162797,Left Foot,From Goal Kick,29.187154708878357,0.23937205137357148,0,2,0.02250838478608922,0.35,"The shot is taken from a central position within the penalty area with a relatively clear sight of goal, despite some defensive pressure.",0.32683720299999997,2,25+
3857288,160eb8c3-7fbc-41db-809f-0b9071f10c68,102.8,54.8,0,0.031703874,Right Foot,From Counter,22.690967365892536,0.2691263836615536,0,2,0.04349724255213017,0.35,"The shot is taken from a central position within the penalty area, but there are multiple defenders close to the shooter and the goalkeeper is well-positioned.",0.31829612599999996,2,18-25
3857271,743254c2-073c-4f7b-a0af-c0a6304c36d5,101.1,55.3,0,0.028282227,Left Foot,Regular Play,24.316660954991335,0.25700711577059776,0,2,0.03869298185810858,0.35,"The shot is taken from a central position within the penalty area with a relatively clear sight of goal, despite some defensive pressure.",0.321717773,2,18-25
3857269,90380b1f-260f-42c9-95fb-ae1ca4941ee2,106.3,29.4,1,0.068805926,Right Foot,Regular Play,17.321951391226108,0.36824678212897005,0,2,0.07273841782900377,0.35,"The shot is taken from a central position within the penalty area, but there are multiple defenders close to the shooter and the goalkeeper is well-positioned.",0.28119407399999996,2,12-18
3857272,ab3fd1ea-a8c3-487b-a32a-07d0b7603ff2,109.9,37.5,0,0.05556727,Head,From Corner,10.404806581575647,0.7192748940448984,1,1,0.13250758120883593,0.45,"The shot is taken from a central, high-quality position within the penalty area, though the goalkeeper's positioning and nearby defenders reduce the probability.",0.39443273,1,6-12
3857298,7ddc71ea-7fbb-426b-bc81-ad287bb99a3f,111.7,28.3,1,0.15539157,Right Foot,Regular Play,14.345033983926282,0.33656684830461914,0,1,0.15242226103988812,0.65,The shooter has a clear sight of goal from a central position within the penalty area with minimal immediate defensive pressure.,0.49460843,1,12-18
3869321,28811240-5987-468a-87d6-c237987e22d2,101.1,53.3,0,0.035418287,Left Foot,From Free Kick,23.11060362690685,0.28394974776986015,0,2,0.043580546524518385,0.35,"The shot is taken from a central position relatively close to the goal, but the presence of multiple defenders in the immediate vicinity reduces the scoring probability.",0.314581713,2,18-25
3857296,e2fdd559-20ee-4568-938b-e0fc4f20d432,117.0,29.2,0,0.020840297,Right Foot,From Free Kick,11.208925015361643,0.21549913933470943,0,2,0.10493523442198517,0.65,"The shot is taken from a very central, close-range position with a relatively clear path to the goal despite the presence of defenders.",0.629159703,2,6-12
3857273,80f6a8f8-8c52-49e0-ba91-32b59cbe6330,99.5,23.0,0,0.023614733,Right Foot,From Goal Kick,26.63174797117155,0.23229633324487498,0,2,0.025224411097078982,0.35,"The shot is taken from a relatively central position within the penalty area, but there are multiple defenders close to the shooter and the goalkeeper is well-positioned.",0.326385267,2,25+
3857262,c5b9e95f-da7a-4d83-a43a-82e211f8cb5a,88.8,40.2,0,0.021024177,Right Foot,From Throw In,31.200641019056004,0.255008918579619,0,3,0.013980845571181474,0.15,The shot is taken from a relatively central position but is heavily contested by multiple defenders in close proximity to the goal.,0.128975823,3+,25+
3857273,272d6bda-a5dc-4e90-b118-c333ae21e13e,99.1,39.0,0,0.051057886,Right Foot,From Free Kick,20.923909768492127,0.3773878458152722,0,3,0.028596867660787333,0.35,"The shot is taken from a central position within the penalty area, but the presence of multiple defenders in the immediate vicinity reduces the scoring probability.",0.298942114,3+,18-25
3857285,01ae7e3c-91d2-4989-9fd8-641f2d55cfe2,115.2,50.5,0,0.058196757,Right Foot,Regular Play,11.545128842936313,0.3163953387235905,0,1,0.16886194388465744,0.35,"The shot is taken from a relatively central position within the penalty area, but there are multiple defenders close by and the angle is somewhat narrow.",0.291803243,1,6-12
3869321,2a672651-8c7c-4ac7-b16c-711fa08790df,101.6,32.9,0,0.089517,Left Foot,Regular Play,19.722322378462437,0.37590295935826196,0,1,0.10017443794516787,0.35,"The shot is taken from a central position within the penalty area, but there is significant defensive pressure and a goalkeeper positioned to cover the angle.",0.26048299999999996,1,18-25
3857261,e0b68076-fbac-4918-b206-97d14b9d2e42,104.3,32.8,0,0.25030845,Right Foot,From Counter,17.27223205031707,0.41857919933041415,0,1,0.13725512978115673,0.35,"The shot is taken from a relatively central position within the penalty area, but there are multiple defenders close to the shooter and the goalkeeper is well-positioned.",0.09969154999999996,1,12-18
3869685,d3ba40fa-09d6-4488-b17d-672aaa2928d7,108.8,45.3,0,0.23260574,Right Foot,Regular Play,12.390722335683261,0.5774249213855944,0,1,0.19874702629547594,0.35,"The shot is taken from a central position within the penalty area, but there are multiple defenders close to the shooter and the goalkeeper is well-positioned.",0.11739425999999997,1,12-18
3857254,14374288-0565-4f12-b39e-318100137d0a,92.6,52.0,0,0.023819994,Right Foot,From Goal Kick,29.912539176739916,0.2444537906441066,0,2,0.018387745651124644,0.35,"The shot is taken from a central position within the penalty area with a relatively clear sight of goal, despite some defensive pressure.",0.32618000599999997,2,25+
3869151,fbbcbd30-78e7-4627-9714-bdf463a6c12e,108.3,52.3,0,0.051439364,Right Foot,From Free Kick,16.97586522095413,0.33122134160794714,0,1,0.11172338816117021,0.35,"The shot is taken from a central position within the penalty area, but there are multiple defenders close to the shooter and the goalkeeper is well-positioned.",0.298560636,1,12-18
3857288,1146ccdf-7a18-4edb-af66-dc85645a90c2,106.4,54.9,0,0.035070673,Left Foot,Regular Play,20.173497465734588,0.2714150978449097,0,2,0.055373857085211,0.45,"The shot is taken from a central, relatively close position within the penalty area with a clear sight of the goal, despite some defensive pressure.",0.414929327,2,18-25
3857281,a542a434-0c60-49bd-b185-58fe80506670,114.1,29.4,1,0.14639324,Left Foot,From Corner,12.131364309095662,0.3454124939612878,0,1,0.18464233723787563,0.35,"The shot is taken from a relatively central position within the penalty area, but the presence of multiple defenders in close proximity reduces the scoring probability.",0.20360675999999997,1,12-18
3857296,5078e0df-5e43-4742-956a-45fd5c985eaf,117.4,37.3,0,0.5721495,Other,Regular Play,3.7483329627982607,1.664273107953487,0,1,0.7661045033312216,0.65,"The shot is taken from a very central, close-range position with a clear sight of the goal, despite some defensive pressure.",0.07785050000000004,1,<6
3857266,fdc1ea86-c887-49f5-9f86-f613bc4f2000,112.2,43.9,0,0.082872435,Head,From Corner,8.720665112249177,0.8045873144890124,1,1,0.1267263442424588,0.65,"The shot is taken from a very central, close-range position with a clear sight of the goal, despite some defensive pressure.",0.5671275650000001,1,6-12
3857267,9c6d9302-1de8-4a97-ac5c-52153023503d,99.7,52.9,0,0.02889044,Left Foot,From Corner,24.052026941611384,0.2810681102764085,0,3,0.019008779750303382,0.35,"The shot is taken from a relatively central position within the penalty area, but there is significant defensive pressure from multiple opponents nearby.",0.32110955999999996,3+,18-25
3857271,4e3dddd6-1001-4bca-a950-fe89f59cea25,109.7,48.0,1,0.065701395,Right Foot,From Throw In,13.04185569618066,0.4910614984329585,0,1,0.17499252901548643,0.35,"The shot is taken from a central position close to the goal, but there are multiple defenders in the immediate vicinity of the shooter and the goal.",0.284298605,1,12-18
3857271,e32629f1-a105-440c-8bfa-fdfebd076f4a,110.5,40.7,0,0.06988547,Head,From Corner,9.525754563287887,0.7937567321667274,1,1,0.11877232817219124,0.15,"The shot is taken from a central position within the penalty area, but the goal is heavily congested by multiple defenders and the goalkeeper is well-positioned.",0.08011452999999999,1,6-12
3857272,654f8fdc-223a-4074-9ac3-bf5ccbd27083,111.2,40.8,0,0.06991791,Head,From Free Kick,8.836288813749805,0.8481177252640373,1,1,0.17519583243725662,0.15,The shot is taken from a central position within the penalty area but is heavily contested by multiple defenders and has a limited angle due to the proximity of the goalkeeper.,0.08008209,1,6-12
3857295,cb38d9a0-e2fc-4103-b7eb-25b54cbcc69e,91.0,26.8,0,0.014244432,Left Foot,Regular Play,31.862831010442246,0.22813450703755572,0,1,0.02342610985559947,0.35,"The shot is taken from a central position within the penalty area, but there are multiple defenders close to the shooter and the goalkeeper is well-positioned.",0.335755568,1,25+
3869117,7c9f51b5-7c05-4ba0-ae27-d0c4639b0709,102.1,35.0,0,0.053084504,Left Foot,Regular Play,18.585209172888,0.41007183697433364,0,3,0.03671385818792485,0.15,The shot is taken from a relatively central position but is heavily contested by multiple defenders in close proximity to the goal.,0.09691549599999999,3+,18-25
3869152,189cd753-a975-4179-b545-89a4e9fc2e38,92.5,43.3,0,0.03323787,Left Foot,Regular Play,27.69729228643118,0.2849194521623414,0,1,0.04292780860697763,0.35,"The shot is taken from a central position within the penalty area, but there are multiple defenders close to the shooter and the goalkeeper is well-positioned.",0.31676213,1,25+
3857272,f0fff306-21ef-46ac-be68-450af71b5cc5,108.6,51.2,0,0.056137927,Left Foot,From Throw In,15.981239000778388,0.36397895650964396,0,2,0.08182430300391003,0.35,"The shot is taken from a relatively central position within the penalty area, but there are multiple defenders close to the shooter and the goalkeeper is well-positioned.",0.293862073,2,12-18
3857280,f1ea3de4-8ca4-4ce0-8aeb-e18c3681742d,108.7,38.6,0,0.29454654,Left Foot,From Throw In,11.386395390991828,0.6719447995940556,0,2,0.1757224010864311,0.15,The shot is taken from a relatively central position but is heavily contested by multiple defenders in close proximity to the goal.,-0.14454654000000003,2,6-12
3857256,c15dc8c4-2d91-435a-a390-11fd17a2bf2f,105.3,28.9,0,0.31681746,Right Foot,From Free Kick,18.420097719610506,0.348870340509599,0,1,0.09970872256489426,0.65,"The shot is taken from a central, high-quality position very close to the goal with several teammates nearby to potentially screen the keeper.",0.33318254,1,18-25
3857256,546c1d65-f1b5-4c42-8983-b743be29f3f8,107.5,50.6,1,0.06969889,Left Foot,From Free Kick,16.38932579455299,0.3769385032527827,0,3,0.04302826342399171,0.45,"The shot is taken from a central position close to the goal with a relatively clear sightline, despite some defensive pressure.",0.38030111,3+,12-18
3857260,095adc8d-612d-445a-9a9a-33100ece166c,92.7,40.4,0,0.01981399,Left Foot,Regular Play,27.30293024567143,0.2909096040724626,0,3,0.014238275905941875,0.35,"The shot is taken from a central position within the penalty area, but is heavily contested by multiple defenders in close proximity to the shooter.",0.33018601,3+,25+
3857299,2345dd7d-8990-4f6a-abaf-f93463247f7e,115.5,43.7,1,0.16237147,Head,From Throw In,5.825804665451805,1.108482939817595,1,2,0.16350003374859573,0.85,"The shot is taken from very close range, centrally located, with the goalkeeper out of position and minimal defensive pressure.",0.68762853,2,<6
3869219,8aafb6ab-26fa-4ccb-87b7-a9c4e9aae35b,112.8,47.7,0,0.047236525,Head,From Throw In,10.541821474489126,0.5444444611861746,1,1,0.08385174985381583,0.45,"The shot is taken from a central position within the penalty area with a relatively clear sight of goal, despite some defensive pressure.",0.402763475,1,6-12
3857276,4d310ca7-0c38-46f7-8d2d-2b695968dd56,105.1,41.2,0,0.051903803,Left Foot,Regular Play,14.948244044034075,0.5215308268000642,0,2,0.11737126774674894,0.35,"The shot is taken from a central position within the penalty area, but there are multiple defenders close to the shooter and the goalkeeper is well-positioned.",0.298096197,2,12-18
3869219,78a794a1-c48c-4699-904a-5ca28cb9cc15,110.5,42.8,0,0.052599985,Head,From Throw In,9.904039579888602,0.746894841139907,1,2,0.06815232606513943,0.65,"The shooter has a clear, close-range shot on goal with minimal immediate pressure from defenders.",0.5974000150000001,2,6-12
3857257,318b1124-3eb5-4315-a2a7-754510010b58,94.6,46.6,0,0.038979717,Left Foot,From Throw In,26.243475379606267,0.2933431732238866,0,2,0.02837513235241633,0.35,"The shot is taken from a central position close to the goal, but there is significant congestion from multiple defenders in the immediate vicinity.",0.31102028299999995,2,25+
3857275,a947d83c-9d7f-4e69-aaaf-34028ac5f299,112.3,29.9,0,0.08786314,Left Foot,Regular Play,12.70039369468522,0.4009813311365331,0,2,0.11489427149824445,0.45,"The shot is taken from a central position within the penalty area with a relatively clear sight of goal, despite some defensive pressure.",0.36213686,2,12-18
3857291,62ec4d64-0584-490c-a180-76389b8f22c6,102.5,40.7,0,0.1501565,Left Foot,From Throw In,17.513994404475525,0.4487626408861856,0,1,0.12025969684934884,0.35,"The shot is taken from a central position within the penalty area, but the goalkeeper is well-positioned and there are multiple defenders closing in on the shooter.",0.19984349999999998,1,12-18
3869486,9000f0f2-73ed-4a71-917d-2d525af7ba80,97.0,27.8,0,0.03503226,Right Foot,Regular Play,26.03536056980967,0.271165035780119,0,2,0.030557013486164988,0.35,"The shot is taken from a central position within the penalty area, but the presence of multiple defenders in the immediate vicinity reduces the scoring probability.",0.31496774,2,25+
3857283,c37984d3-4c45-48d8-a0da-e2cdb7cc48b2,88.5,52.0,0,0.010982664,Left Foot,From Throw In,33.70830758136635,0.2212666493234851,0,2,0.01256710730985605,0.35,"The shot is taken from a central position within the penalty area with a relatively clear sight of goal, despite some defensive pressure.",0.339017336,2,25+
3857261,ed57db75-dfc9-4bf5-8f72-c85a80bb9829,114.4,43.9,0,0.45507616,Left Foot,From Corner,6.824221567329121,0.9720035109573028,0,1,0.4867433481217314,0.15,The shot is taken from a relatively central position but is heavily contested by multiple defenders in close proximity to the goal.,-0.30507616000000004,1,6-12
3857284,5c54df63-0251-46f6-9130-998568670772,112.6,51.3,0,0.034016185,Head,From Corner,13.507405376311175,0.34171030602420704,1,1,0.04825814918155109,0.05,The shot is taken from a very tight angle with a crowded penalty area obstructing the view and path to goal.,0.015983815000000005,1,12-18
3857272,cd7df5a3-11c8-41d0-9ca5-ef6feea55964,93.0,25.1,0,0.016826272,Right Foot,From Free Kick,30.838450025901107,0.2270308225747043,0,3,0.008888814368057007,0.35,"The shot is taken from a relatively central position within the penalty area, but there are multiple defenders close to the shooter and the goalkeeper is well-positioned.",0.333173728,3+,25+
3869685,867b8791-49c0-4d98-a976-c0b4cfc1cb5a,96.2,40.9,0,0.0430315,Left Foot,Regular Play,23.817010727629103,0.3325681244490316,0,1,0.07199517988687519,0.35,"The shot is taken from a central position relatively close to the goal, but the goalkeeper is well-positioned and there are several defenders obstructing the path.",0.3069685,1,18-25
3857280,97e2dd79-ed15-412c-b0c5-f73564e5d13d,113.4,48.9,0,0.044797283,Head,From Corner,11.080162453682703,0.4592547559779826,1,2,0.05063918867170124,0.35,"The shot is taken from a central position within the penalty area, but there is significant defensive pressure from multiple opponents close to the shooter.",0.30520271699999996,2,6-12
3857294,076bfa17-336a-42b8-a6ac-731a4de8dee6,103.3,39.8,1,0.14035599,Right Foot,From Goal Kick,16.701197561851668,0.47012251320645815,0,1,0.1407303093466364,0.35,"The shot is taken from a central position close to the goal, but there are multiple defenders in the immediate vicinity of the shooter.",0.20964400999999996,1,12-18
3857279,711ae41d-8fee-4b6d-9362-4006c7d12b5a,109.2,30.1,0,0.07606661,Left Foot,From Corner,14.650938536489733,0.4102561839867881,0,4,0.053348693806877574,0.65,"The shot is taken from a very central, high-quality position close to the goal with minimal immediate defensive pressure.",0.57393339,3+,12-18
3857296,4799713f-dd43-4ede-a5c6-b2ea63f69933,94.7,35.3,0,0.024012579,Left Foot,From Corner,25.732858372128035,0.3035456100010437,0,3,0.016251439475451802,0.35,"The shot is taken from a central position within the penalty area, but is heavily contested by multiple defenders in close proximity to the shooter.",0.325987421,3+,25+
3869117,ca879c6e-6742-4d2b-8b98-5e9b726ee77e,115.1,45.2,1,0.3636808,Right Foot,From Corner,7.1449282711585065,0.8412323267068651,0,1,0.37244722918545037,0.45,"The shot is taken from a central, close-range position within the penalty area, though several defenders are positioned between the shooter and the goal.",0.08631919999999998,1,6-12
3869219,97734f34-6e02-4e86-b03d-c9d858dd8c92,94.7,38.3,0,0.03904812,Right Foot,From Counter,25.357050301641944,0.31225647004702195,0,1,0.06313454056276707,0.35,"The shot is taken from a central position within the penalty area, but there are multiple defenders close to the shooter and the goalkeeper is well-positioned.",0.31095187999999996,1,25+
3857267,c319aceb-f6cd-40e3-8431-557a2619a822,104.1,25.5,0,0.023828069,Right Foot,Regular Play,21.51882896442091,0.27720031019182456,0,1,0.07030043483350533,0.15,The shot is taken from a relatively central position but is heavily contested by multiple defenders in close proximity to the goal.,0.126171931,1,18-25
3869552,b4b2bbe9-bd6b-4445-b010-245913557fde,95.5,26.2,0,0.01924696,Right Foot,Regular Play,28.119210515233178,0.2478043545949291,0,2,0.02413554226385372,0.45,"The shot is taken from a central, relatively close position to the goal with several defenders nearby but a clear path to the net.",0.43075304000000003,2,25+
3857279,c9d3d537-8f05-4767-bf73-9a1f1a8a37cf,113.5,42.6,1,0.16888039,Head,From Free Kick,7.000714249274856,1.005175355919417,1,1,0.17868837930663045,0.65,"The shot is taken from very close range with a clear sight of the goal, despite some defensive pressure.",0.48111961000000003,1,6-12
3857258,acf2f09c-043c-48bc-8e4d-d7ddc04b74ec,115.8,29.3,0,0.0399856,Right Foot,From Corner,11.494781424629178,0.28164013810927724,0,2,0.12358697007861673,0.15,The shot is taken from a relatively central position but is heavily contested by multiple defenders in close proximity to the goal.,0.11001439999999998,2,6-12
3857275,62fb7c39-248e-4bf9-8386-762a65c8c4d6,87.6,15.0,0,0.005017159,Right Foot,From Free Kick,40.92383168766092,0.1550077761388341,0,3,0.0029766921368352822,0.15,The shot is taken from a relatively central but somewhat distant position with a crowded penalty area obstructing the path to goal.,0.144982841,3+,25+
3857257,0ae4e2c7-07a3-4dc5-986c-ef18f62e62ce,109.6,30.8,0,0.17342122,Left Foot,Regular Play,13.88524396616783,0.4398425828157362,0,1,0.18651272017730502,0.45,"The shot is taken from a central, relatively close position within the penalty area, though several defenders are positioned to block or intercept.",0.27657878,1,12-18
3857278,519a5012-c032-4962-bc66-7b72b7533891,110.1,35.6,0,0.080380306,Head,From Free Kick,10.83374358197572,0.6632317072149523,1,1,0.0940689105546344,0.35,"The shot is taken from a relatively central position within the penalty area, but there are multiple defenders close to the shooter and the goalkeeper is well-positioned.",0.26961969399999997,1,6-12
3857296,6ffaa2e9-dde1-4e99-b913-008e8f6c8b0e,110.7,45.1,0,0.19960539,Right Foot,From Keeper,10.606601717798211,0.6567964514160846,0,2,0.18414743554668703,0.65,The shooter has a clear sight of goal from a central position within the penalty area with minimal immediate defensive pressure.,0.45039461000000003,2,6-12
3857269,733e5141-6b97-4010-8100-b926aa73c9bf,105.8,41.8,0,0.19349767,Right Foot,From Free Kick,14.313629868066313,0.5414777009337979,0,2,0.11788473067062237,0.45,"The shot is taken from a central position close to the goal with a relatively clear sightline, despite some defensive pressure.",0.25650233,2,12-18
3869117,bde8a681-2dfa-431a-9637-223cc85dfd10,108.4,37.0,0,0.06857926,Head,From Corner,11.981652640600121,0.6289454316258338,1,1,0.09543229279657654,0.35,"The shot is taken from a central position within the penalty area, but there is significant defensive pressure from multiple opponents close to the shooter.",0.28142073999999995,1,6-12
3857269,b660fbc5-1653-455b-98f7-9eefab7d3fea,94.3,39.7,0,0.023129713,Right Foot,From Corner,25.701750913118744,0.3087659709494388,0,4,0.008772536605345896,0.15,The shot is taken from a relatively central position but is heavily contested by multiple defenders in close proximity to the goal.,0.126870287,3+,25+
3869220,d07f9ed6-ff50-4f64-8a79-4702889c0d40,107.7,38.8,0,0.04145577,Head,From Corner,12.358397954427586,0.623803376521321,1,1,0.09187422320012094,0.65,"The shot is taken from very close range within the six-yard box with a clear sight of the goal, despite some defensive pressure.",0.60854423,1,12-18
3857299,df62858c-cec5-41e8-a76c-30125e24472c,103.6,37.6,0,0.064945966,Left Foot,From Corner,16.574679484080534,0.4693209571096861,0,5,0.015805189652029327,0.75,"The shooter has a clear, close-range shot on goal with minimal immediate pressure from defenders.",0.685054034,3+,12-18
3857295,e4d8f973-7517-497c-8ff8-dcd54dde1da1,105.4,22.1,0,0.022210024,Right Foot,From Goal Kick,23.099134182908237,0.22195202615401333,0,1,0.055516106764261566,0.45,"The shot is taken from a central, close-range position within the penalty area, though several defenders are positioned to block the path.",0.427789976,1,18-25
3869219,bb569056-5824-4a84-9bf7-098df409c1fb,100.4,43.7,0,0.056113943,Left Foot,Regular Play,19.94617757867406,0.38963854333177583,0,2,0.06183383380917903,0.35,"The shot is taken from a central position relatively close to the goal, but is heavily contested by multiple defenders.",0.293886057,2,18-25
3857299,0fcd16e1-49bb-45f6-9cd6-90db37fc3cdc,113.1,41.8,1,0.20083603,Head,From Goal Kick,7.130918594402832,1.0076504811158657,1,1,0.21119669538623864,0.65,"The shot is taken from a very central, close-range position with a clear sight of the goal and minimal immediate defensive pressure.",0.44916397,1,6-12
3857266,ad8fa32c-3fea-4b86-a322-1177cd561c78,97.8,38.0,0,0.04759094,Right Foot,Regular Play,22.28990803031722,0.35381126332033225,0,2,0.050214388377431286,0.35,"The shot is taken from a central position within the penalty area, but is heavily contested by multiple defenders in close proximity to the goal.",0.30240906,2,18-25
3857293,19a225eb-4436-4a53-a354-3b40dfa6ca31,118.0,42.7,1,0.71106935,Head,Regular Play,3.360059523282291,1.8570846150650513,1,0,0.7291457366801096,0.65,"The shot is taken from a very close central position with a clear sight of the goal, despite some defensive pressure.",-0.06106935000000002,0,<6
3857266,6bd41f74-6e8e-4714-bc4d-fdb8e0f1528f,107.4,33.0,0,0.18929456,Right Foot,From Keeper,14.413882197381795,0.48396195983457835,0,2,0.10093017592075379,0.35,"The shot is taken from a central position within the penalty area, but there are multiple defenders close to the shooter and the goalkeeper is well-positioned.",0.16070543999999998,2,12-18
3869118,9c16738b-cf6c-4669-a694-276a322ff6d8,117.8,45.9,0,0.1459426,Right Foot,From Goal Kick,6.296824596572466,0.6397697828266264,0,1,0.3330799220108451,0.85,"The shooter has a clear, high-quality shot from very close range with minimal defensive obstruction.",0.7040573999999999,1,6-12
3857264,6403c129-bef8-44e0-aff0-bca5706954d7,107.0,27.9,0,0.05141401,Right Foot,From Throw In,17.759786034747155,0.33431188045349436,0,1,0.11312333157531804,0.35,"The shot is taken from a central position within the penalty area, but there are several defenders close to the shooter and the goalkeeper is well-positioned.",0.29858598999999997,1,12-18
3857291,82066543-74f5-45b6-a293-877eaa14038d,103.0,45.8,1,0.056229107,Right Foot,From Free Kick,17.962182495454165,0.4174494550460813,0,3,0.0391928383293899,0.65,The shooter has a clear sight of goal from a central position within the penalty area with minimal immediate defensive pressure.,0.5937708930000001,3+,12-18
3869552,a2444b31-3332-4440-9302-e5a00e0dc734,103.0,48.2,0,0.06379096,Right Foot,From Throw In,18.874321179846444,0.3802631174374551,0,3,0.048877269919941194,0.35,"The shot is taken from a central position close to the goal, but there is significant defensive congestion and the goalkeeper is well-positioned.",0.28620903999999997,3+,18-25
3869152,87b6c4e5-8879-49ac-bb0d-d732354d78e0,109.5,24.7,0,0.043646414,Right Foot,Regular Play,18.55640051303054,0.2504603738344442,0,1,0.09727624321891098,0.35,"The shot is taken from a central position within the penalty area, but there are multiple defenders close to the shooter and the goalkeeper is well-positioned.",0.30635358599999996,1,18-25
3857271,be726f9e-21ea-4db2-b188-92a93bf619c8,93.9,27.7,0,0.042866398,Right Foot,From Free Kick,28.853076092507013,0.250360215871022,0,4,0.009851575451702422,0.15,The shot is taken from a relatively central position but is heavily contested by multiple defenders in close proximity to the goal.,0.107133602,3+,25+
3857257,752418ff-5b38-47af-8789-2bac6b37f2c0,110.1,43.9,0,0.09599891,Right Foot,From Goal Kick,10.640488710580925,0.6836085638110939,0,2,0.1891250346489754,0.45,"The shot is taken from a central position within the penalty area with a relatively clear sight of goal, despite some defensive pressure.",0.35400109,2,6-12
3857294,6d21bd7c-0fa6-4bdc-9fe0-77a923cafc1d,88.8,53.2,0,0.00621196,Right Foot,From Free Kick,33.87742611238345,0.21708157430934827,0,2,0.013880472394921621,0.35,"The shot is taken from a central position relatively close to the goal, but is heavily contested by multiple defenders in the immediate vicinity.",0.34378803999999996,2,25+
3869254,4232fdf4-5a2b-47bf-ae3b-0f5fdeea3684,114.4,35.1,0,0.09938955,Head,From Corner,7.441102068914249,0.8498211862184826,1,2,0.10589967390376327,0.75,The shot is taken from very close range with a clear sight of the goal and minimal defensive pressure.,0.6506104500000001,2,6-12
3869552,cb9682c8-3388-4616-b615-7568171b4fd3,92.5,36.0,0,0.020691318,Right Foot,From Throw In,27.789386463180506,0.28309578529949553,0,2,0.025986610344042822,0.15,The shot is taken from a relatively central position but from a distance and with several defenders positioned closely between the shooter and the goal.,0.129308682,2,25+
3857287,b1309c1c-2272-43ac-a0a6-c9f358d70c18,111.5,46.1,0,0.046898182,Other,From Corner,10.462313319720453,0.6289998409843299,0,2,0.18439901954948312,0.35,"The shot is taken from a central position within the penalty area, but there are multiple defenders close to the shooter and the goalkeeper is well-positioned.",0.30310181799999997,2,6-12
3857285,21b51419-7d6c-443b-8107-2c90cb73bdbc,112.8,32.9,0,0.04866169,Head,From Throw In,10.111874208078346,0.58880484966507,1,2,0.06373389007060508,0.45,"The shot is taken from a central position close to the goal with a relatively clear sightline, despite some defensive pressure.",0.40133831000000003,2,6-12
3857301,abff7ac7-6180-4fa7-94b9-0c644380e9a9,102.6,34.4,0,0.21404111,Left Foot,Regular Play,18.278949641595936,0.4124698052192899,0,1,0.1149202093947925,0.35,"The shot is taken from a relatively central position within the penalty area, but there is significant defensive pressure from nearby opponents.",0.13595888999999997,1,18-25
3869151,015c52d6-b1c1-45c2-b450-75238519b983,102.2,40.0,0,0.032042325,Left Foot,Regular Play,17.799999999999997,0.44209412535003756,0,2,0.08274315882210331,0.35,"The shot is taken from a central position within the penalty area, but there are multiple defenders close to the shooter and the goalkeeper is well-positioned.",0.317957675,2,12-18
3869220,9c4da7a8-5924-4b37-8764-59b14fbbf2db,89.4,37.7,0,0.023416335,Left Foot,From Throw In,30.686316168611697,0.258543722499182,0,1,0.03021327534644979,0.35,"The shot is taken from a central position within the penalty area, but there are multiple defenders close to the shooter and the goalkeeper is well-positioned.",0.32658366499999997,1,25+
3857299,ac9db281-af11-4d8c-b1a4-262997862862,114.2,56.1,0,0.011154885,Left Foot,From Corner,17.11286066091815,0.16605643704815676,0,1,0.09059295754528479,0.35,"The shot is taken from a relatively central position within the penalty area, but the presence of multiple defenders close to the shooter and the goalkeeper's positioning reduces the scoring probability.",0.338845115,1,12-18
3869420,d87edf8c-6487-45f5-b61b-01a8501ffbe3,89.1,28.8,0,0.026057322,Right Foot,From Free Kick,32.8671568590896,0.22822919725697163,0,3,0.010040421748719903,0.35,"The shot is taken from a central position within the penalty area, but there is significant defensive pressure from multiple opponents close to the shooter.",0.323942678,3+,25+
3869117,ca8ff3c0-c049-435d-830a-3979bf1181e5,103.9,44.2,0,0.054460905,Right Foot,From Throw In,16.638810053606594,0.45865149376838454,0,3,0.046396299775865,0.35,"The shot is taken from a relatively central position close to the goal, but is heavily contested by multiple defenders.",0.295539095,3+,12-18
3857260,96b42342-137b-42fb-9b1b-c65116b5f82b,114.8,52.4,0,0.030311959,Head,From Throw In,13.446189051177289,0.24726176418276058,1,1,0.053901170853453834,0.35,"The shot is taken from a central position within the penalty area, but there are multiple defenders close to the shooter and the goalkeeper is well-positioned.",0.319688041,1,12-18
3869519,c9b5444c-548d-4936-af96-3f376dc1cdc6,85.0,44.8,0,0.014370957,Right Foot,Regular Play,35.32760959929217,0.22346958479816828,0,1,0.01923071169674445,0.35,"The shot is taken from a central position within the penalty area, but is heavily contested by multiple defenders in close proximity to the goal.",0.33562904299999996,1,25+
3857284,7cec90dd-6f0f-48db-8475-02056b3807d6,106.9,26.5,0,0.029970925,Left Foot,From Throw In,18.811166896287958,0.3007768603806197,0,1,0.09124477447808296,0.35,"The shot is taken from a central position within the penalty area, but there is significant defensive pressure from multiple opponents close to the shooter.",0.320029075,1,18-25
3869117,a1545633-330a-4c29-bdc4-e7a8d2720acc,98.6,47.0,0,0.046333984,Right Foot,Regular Play,22.515772249692,0.335520303489574,0,2,0.040433261987172904,0.35,"The shot is taken from a central, relatively close position, but there are several defenders in the immediate vicinity of the goal.",0.303666016,2,18-25
3869321,500f07f5-8b73-4da3-a208-ae5c9806f7b3,110.9,28.4,0,0.05290734,Left Foot,From Free Kick,14.743473132203277,0.3469036889847251,0,2,0.0845154622233158,0.35,"The shot is taken from a central position within the penalty area, but there are multiple defenders close to the shooter and the goalkeeper is well-positioned.",0.29709266,2,12-18
3857277,58d90922-71f3-410a-bc38-8f5c2019b615,96.9,32.0,0,0.026111592,Right Foot,Regular Play,24.446063077722755,0.30765033999566394,0,3,0.025862209024742615,0.35,"The shot is taken from a central position within the penalty area, but the goalkeeper is well-positioned and there are several defenders close to the shooter.",0.32388840799999996,3+,18-25
3869219,69de8840-7050-44c6-a13a-aac71b5f6cef,106.8,19.7,0,0.009676031,Right Foot,From Throw In,24.214252001662164,0.18308256319437666,0,2,0.03567034302084719,0.35,"The shot is taken from a relatively central position within the penalty area, but the presence of multiple defenders in the immediate vicinity reduces the scoring probability.",0.340323969,2,18-25
3869519,e0e3e4da-8a23-4e2c-b4d2-b7bef8feb9fe,93.1,36.9,0,0.027808638,Right Foot,From Throw In,27.07803537925158,0.29150028497388714,0,2,0.029168799941740646,0.35,"The shot is taken from a central position within the penalty area, but there are multiple defenders close to the shooter and the goalkeeper is well-positioned.",0.322191362,2,25+
3857281,a59ccb02-568d-4752-81b1-59dd9c8cc309,96.0,26.3,0,0.02367336,Left Foot,From Throw In,27.634941650019815,0.25135983051919314,0,1,0.04173538103453022,0.35,"The shot is taken from a central position within the penalty area, but there are multiple defenders close to the shooter and the goalkeeper is well-positioned.",0.32632664,1,25+
3857281,e823ad07-c3bc-4381-ba75-91912727a627,109.5,36.8,0,0.4341785,Right Foot,Regular Play,10.97679370308106,0.6771173137768662,0,1,0.26550152349940614,0.75,"The shooter has a clear, close-range shot on goal with minimal immediate pressure from defenders.",0.3158215,1,6-12
3857301,a84dc163-7627-4553-900a-7720ce6b6099,107.8,45.3,1,0.11607656,Right Foot,From Throw In,13.301503674397118,0.5451668335070727,0,2,0.11637708743279442,0.35,"The shot is taken from a central position within the penalty area, but the presence of multiple defenders and the goalkeeper's positioning reduces the scoring probability.",0.23392343999999998,2,12-18
3857287,5d9a7dee-a394-45bd-a788-6791bcb46e98,110.0,40.4,0,0.054689027,Head,From Corner,10.007996802557443,0.7600624551664981,1,1,0.1152995024105653,0.15,"The shot is taken from a central position within the penalty area, but it is heavily contested by multiple defenders and the goalkeeper is well-positioned.",0.095310973,1,6-12
3857280,9996c5af-1237-4f3c-9178-bedb7fed6d23,103.3,25.5,0,0.038875267,Left Foot,From Throw In,22.11650967037973,0.27520398776027377,0,2,0.041186937208225735,0.45,"The shot is taken from a central position within the penalty area with a relatively clear sight of goal, despite some defensive pressure.",0.411124733,2,18-25
3857266,486ab284-2136-435a-9308-0edc96b90a5a,94.3,53.4,0,0.014218964,Left Foot,From Throw In,28.9836160614924,0.24450747691466163,0,2,0.0271654612901423,0.35,"The shot is taken from a central position within the penalty area with a relatively clear sight of goal, despite some defensive pressure.",0.335781036,2,25+
3869253,34f546bf-8be7-4a35-9e42-bfd908c2f766,105.3,27.9,0,0.1490943,Right Foot,Regular Play,19.039432764659775,0.3271951466949291,0,1,0.10552979389519239,0.45,"The shot is taken from a central position within the penalty area with a relatively clear sight of goal, despite the goalkeeper's presence.",0.3009057,1,18-25
3857270,3df430b3-eaa6-4b63-9246-1f86d8249d55,88.2,44.5,0,0.019629322,Right Foot,From Free Kick,32.116818024206566,0.2454675009049758,0,3,0.010699321643793143,0.15,The shot is taken from a central position but is heavily contested by multiple defenders in close proximity to the goal.,0.130370678,3+,25+
3869420,0bb6e24e-6f18-49af-ac19-ff2d55ac0fc7,109.4,41.0,0,0.067200735,Head,Regular Play,10.647065323364926,0.716556746367945,1,1,0.09595827148252688,0.15,The shot is taken from a relatively central position but is heavily contested by multiple defenders in close proximity to the goal.,0.082799265,1,6-12
3857256,92e8f2c9-a5de-4e1b-9b4b-b3b6bf96aec9,108.3,38.6,1,0.06371751,Head,Regular Play,11.783462988442746,0.6510767214444797,1,2,0.05915714618277646,0.35,"The shot is taken from a relatively central position within the penalty area, but there is immediate pressure from a nearby defender and a clear line of sight for the goalkeeper.",0.28628248999999995,2,6-12
3857254,2c44ca3f-6e81-4f0c-a80c-96b9653da2e1,114.4,36.8,0,0.14539434,Head,From Throw In,6.449806198638837,1.051650212548374,1,1,0.23175028173754486,0.15,The shot is taken from a central position but is heavily contested by multiple defenders in close proximity to the goal.,0.004605659999999984,1,6-12
3857268,4d2a7a72-edd7-4891-9a82-3443a1b0b635,112.3,50.2,0,0.04664896,Right Foot,From Free Kick,12.780062597655776,0.39601946644897124,0,2,0.11341652045810735,0.45,"The shot is taken from a central position within the penalty area with a relatively clear sight of goal, despite the presence of defenders and the goalkeeper.",0.40335104,2,12-18
3857273,4938ed57-19a7-4bca-bafe-9273a5ff5884,97.2,48.0,0,0.04282673,Left Foot,Regular Play,24.162781296862327,0.3108067306954494,0,2,0.03546773398483753,0.35,"The shot is taken from a central position within the penalty area, but the presence of multiple defenders in the immediate vicinity reduces the scoring probability.",0.30717327,2,18-25
3869151,060deabd-8fca-4998-b49c-bf4dee752a0e,103.2,24.9,0,0.05181273,Left Foot,Regular Play,22.588713996153032,0.2655071798976789,0,1,0.06123961887164004,0.35,"The shot is taken from a relatively central position close to the goal, but there are multiple defenders in the immediate vicinity of the shooter.",0.29818727,1,18-25
3857264,0d3c66d5-64b8-4fd7-8955-ad27a86d6ec1,107.7,41.5,0,0.15200824,Left Foot,Regular Play,12.391125856838027,0.6210056139130694,0,2,0.1560409107034963,0.35,"The shot is taken from a central position within the penalty area, but there are multiple defenders close to the shooter and the goalkeeper is well-positioned.",0.19799176,2,12-18
3857287,0ada1c14-4a75-4b1b-98b2-bd91c1f22dbd,94.9,26.7,0,0.023029828,Left Foot,From Throw In,28.40598528479517,0.24863457360143837,0,2,0.024524991528409482,0.35,"The shot is taken from a central position relatively close to the goal, but the presence of multiple defenders in the immediate vicinity reduces the scoring probability.",0.326970172,2,25+
3869151,53d825ac-a98d-41ca-b81f-1015dee17376,104.2,48.9,1,0.06663833,Left Foot,From Free Kick,18.13422179196008,0.38397352152539155,0,1,0.10619396787302177,0.15,The shot is taken from a central position but is heavily contested by multiple defenders in close proximity to the goal.,0.08336167,1,18-25
3869486,9e674fd1-9541-42e1-921f-a8ccbed1d7c6,106.7,39.8,0,0.043849364,Head,From Free Kick,13.301503674397114,0.5841785304099636,1,1,0.06456189338833976,0.35,"The shot is taken from a central position within the penalty area with a relatively clear sight of goal, despite some defensive pressure.",0.306150636,1,12-18
3857283,899e757d-7040-4cbc-9999-0f94ee7d48e3,104.9,58.7,0,0.009158539,Right Foot,Regular Play,24.035390573069538,0.2118348662370093,0,2,0.030327313520894576,0.35,"The shot is taken from a relatively central position within the penalty area, but the presence of multiple defenders close to the shooter reduces the scoring probability.",0.34084146099999996,2,18-25
3857272,be0a885b-0523-4ed4-99ca-fdd4121209d5,95.3,40.1,0,0.033566043,Left Foot,From Corner,24.700202428320303,0.3210939556728781,0,2,0.0341389263508012,0.35,"The shot is taken from a central position relatively close to the goal, but the presence of multiple defenders in the immediate vicinity reduces the scoring probability.",0.316433957,2,18-25
3857267,26b97ae4-3213-4621-9403-327bd8d869db,109.3,51.9,0,0.16839646,Right Foot,From Free Kick,16.00312469488381,0.3424697630350959,0,1,0.12122614845181572,0.35,"The shot is taken from a relatively central position within the penalty area, but there are multiple defenders close to the shooter and the goalkeeper is well-positioned.",0.18160353999999998,1,12-18
3857279,2761f5d8-8b96-4f81-a56b-19c32dfd38aa,112.1,52.7,0,0.034694295,Right Foot,From Throw In,14.95660389259541,0.29538336037397783,0,1,0.12926158349074132,0.45,"The shot is taken from a central position within the penalty area with a relatively clear sight of goal, despite some defensive pressure.",0.415305705,1,12-18
3857265,130588e4-eb77-40f5-8dcd-7b3d3b957075,90.9,48.7,0,0.02170277,Right Foot,Regular Play,30.372685096974877,0.2513795293729636,0,2,0.02474950490261119,0.35,"The shot is taken from a central position within the penalty area, but there is significant defensive pressure from multiple opponents close to the shooter.",0.32829723,2,25+
3857256,70fe857d-6f28-4b38-8ad7-a655328ec176,114.4,36.9,1,0.72697556,Right Foot,Regular Play,6.4007812023221,1.0623153784390091,0,1,0.4564492960932619,0.15,The shot is taken from a central position but is heavily contested by multiple defenders in close proximity to the goal.,-0.5769755599999999,1,6-12
3869486,13d33a38-98fb-4bd9-8a7f-c77928e25cba,109.7,29.4,0,0.026895314,Head,Regular Play,14.780054127099804,0.38653833318035,1,1,0.044793679472302506,0.35,"The shot is taken from a central position within the penalty area, but there are several defenders close to the shooter and the goalkeeper is well-positioned.",0.323104686,1,12-18
3869117,e534d589-ffb5-42c2-a449-541547acec89,99.5,25.3,0,0.031073315,Left Foot,From Goal Kick,25.22578046364473,0.25845805354564605,0,1,0.04951655102930902,0.35,"The shot is taken from a central position within the penalty area, but there is significant defensive pressure from multiple opponents close to the shooter.",0.318926685,1,25+
3857301,78b596e2-8a04-4d2a-ba99-369f526424a7,107.1,38.8,0,0.052429575,Head,From Free Kick,12.955693729013516,0.5969154274319408,1,1,0.07538502869290825,0.15,The shot is taken from a central position but is heavily contested by multiple defenders in close proximity to the goal.,0.09757042499999999,1,12-18
3869685,43b2d123-6945-4a7c-8292-f7792af341f9,98.9,32.2,0,0.041589838,Right Foot,From Goal Kick,22.495555116511344,0.331726122691102,0,3,0.0291020151727488,0.35,"The shot is taken from a relatively central position within the penalty area, but the presence of multiple defenders close to the shooter reduces the scoring probability.",0.308410162,3+,18-25
3869552,feec1a47-a09f-40a8-b376-83235a04f754,96.0,32.9,0,0.040336993,Right Foot,Regular Play,25.02818411311536,0.30474473556416715,0,3,0.02431068214498423,0.35,"The shot is taken from a relatively central position within the penalty area, but there are multiple defenders close to the shooter and the goalkeeper is well-positioned.",0.309663007,3+,25+
3857284,127912cf-2ecc-43fa-a2f7-5ab3199f5c4d,94.4,42.8,0,0.041637745,Right Foot,From Throw In,25.75266976451179,0.3064703423242272,0,2,0.03273030333948467,0.15,The shot is taken from a relatively central position but is heavily contested by multiple defenders in close proximity to the goal.,0.10836225499999999,2,25+
3857257,00b789c7-1a36-4662-a2f1-b472ccdf2ede,101.3,59.0,0,0.010740947,Left Foot,From Free Kick,26.65876966403364,0.21210862017169385,0,1,0.04521549990057236,0.35,"The shot is taken from a central position relatively close to the goal, but there are multiple defenders in the immediate vicinity of the shooter.",0.339259053,1,25+
3857259,be17203f-f93a-4a28-9704-0d0783b29be2,113.6,40.2,1,0.8974681,Right Foot,Regular Play,6.403124237432855,1.1165675915281332,0,0,0.5625737523787954,0.75,"The shot is taken from very close range with a clear sight of the goal, despite the presence of defenders and the goalkeeper.",-0.1474681,0,6-12
3857284,af3d2269-1129-429d-8148-0d590c3da45a,111.0,34.3,0,0.07710243,Head,From Free Kick,10.653168542738824,0.6361245180567497,1,2,0.06194642859328518,0.35,"The shot is taken from a relatively central position within the penalty area, but the presence of multiple defenders and the goalkeeper's positioning reduces the scoring probability.",0.27289757,2,6-12
3869220,f33a5a8d-7585-4055-8d75-a6c8a4b5dfec,97.2,31.3,0,0.031760626,Right Foot,Regular Play,24.403483357914293,0.3049222793462344,0,3,0.01894902084336178,0.35,"The shot is taken from a central position within the penalty area, but there are multiple defenders close to the shooter and the goalkeeper is well-positioned.",0.31823937399999996,3+,18-25
3857295,ac8028fd-d64c-4c42-9434-91109755b4c4,103.1,34.1,0,0.04122181,Right Foot,From Corner,17.90027932742951,0.41795608433634723,0,3,0.05607946433060655,0.35,"The shot is taken from a central position within the penalty area, but the goalkeeper is well-positioned and there are several defenders close to the shooter.",0.30877818999999995,3+,12-18
3869118,f04052f9-712a-4992-a561-b3a46bb0d53b,111.6,39.3,0,0.107544675,Head,Regular Play,8.429116205154612,0.8844593563593924,1,1,0.16877465936324898,0.45,"The shot is taken from a central, close-range position with a relatively clear sight of the goal, despite some defensive pressure.",0.342455325,1,6-12
3857278,5994da52-68c1-4f92-9588-c2085766ca21,105.1,23.9,0,0.057746947,Left Foot,Regular Play,21.936727194365165,0.25082684500989216,0,1,0.0746535927188187,0.35,"The shot is taken from a relatively central position within the penalty area, but there are multiple defenders close by and the goalkeeper is well-positioned.",0.292253053,1,18-25
3857262,c6dfbf3c-fee3-4529-bf1c-88c912c73ca2,117.5,20.6,0,0.010523141,Right Foot,From Throw In,19.56041921841145,0.05449986228220238,0,1,0.07018658989447715,0.75,"The shooter has a clear, high-quality shot from very close range with minimal defensive obstruction between the ball and the goal.",0.739476859,1,18-25
3869552,7aaedea3-0cdf-4082-8ea9-efbb40703b91,109.8,35.1,0,0.24936919,Right Foot,From Throw In,11.315917991926243,0.629432772923484,0,1,0.24294708190918216,0.35,"The shot is taken from a relatively central position within the penalty area, but there are multiple defenders close to the shooter and the goalkeeper is well-positioned.",0.10063080999999999,1,6-12
3869118,21b0a72e-9edd-405b-a6aa-edf3c20ff8e3,112.8,28.9,0,0.0358749,Left Foot,From Free Kick,13.23064624271997,0.3474578398648631,0,2,0.09300716088289404,0.65,"The shot is taken from a central, high-quality position very close to the goal with minimal immediate defensive pressure.",0.6141251,2,12-18
3857259,1a3dd69a-682b-43be-aa29-ed4cc4f717e5,103.3,13.7,0,0.0070103277,Right Foot,From Free Kick,31.154132952146174,0.13905361056943388,0,2,0.02038151097650575,0.15,The shot is taken from a relatively central position but is heavily contested by multiple defenders in close proximity to the goal.,0.14298967229999998,2,25+
3857257,1a45230e-3810-4d1d-ac49-c700f4de76ef,98.3,20.9,0,0.010397313,Right Foot,From Throw In,28.908476265621477,0.20870099328916802,0,1,0.036322106581162,0.35,"The shot is taken from a central position within the penalty area, but the presence of multiple defenders in the immediate vicinity reduces the scoring probability.",0.33960268699999996,1,25+
3857285,6ec6d6e5-6600-49ad-98dc-60d422c2be0f,104.3,31.7,0,0.07416881,Left Foot,Regular Play,17.758941409892653,0.39723154929964866,0,1,0.11129241968387206,0.35,"The shot is taken from a central position within the penalty area, but the goalkeeper is well-positioned and there are several defenders close to the shooter.",0.27583119,1,12-18
3857299,96265fa7-2689-4ba5-bfe3-781c93b4ee60,112.6,38.4,1,0.23484395,Head,Regular Play,7.570997292299086,0.961432079143796,1,1,0.19511965316295649,0.65,"The shot is taken from a very central, high-quality position close to the goal with minimal immediate defensive pressure.",0.41515605,1,6-12
3857276,ac8b083c-950f-4978-8497-8f60b4b4fe6d,113.3,34.9,0,0.27914461,Right Foot,From Counter,8.420213774008356,0.7734171698774888,0,1,0.3390472318645264,0.45,"The shot is taken from a central, relatively close position within the penalty area with a clear sight of goal, despite some defensive pressure.",0.17085539,1,6-12
3857273,217cf729-0d66-4202-9024-bfbe3850488c,95.1,37.5,1,0.03268815,Right Foot,From Throw In,25.025187311986304,0.3155141206038633,0,2,0.03284940851456742,0.15,The shot is taken from a relatively central position but from a distance and with several defenders positioned closely between the shooter and the goal.,0.11731185,2,25+
3857274,ff1a53d0-f872-4616-8507-eff81ff4f55f,107.0,30.0,0,0.062208217,Left Foot,From Free Kick,16.401219466856727,0.3900105037008405,0,5,0.013031694392037437,0.15,The shot is taken from a relatively central position but is heavily contested by multiple defenders in close proximity to the goal.,0.08779178299999998,3+,12-18
3857292,5b242fc1-be28-4ca0-9e6c-aa1d5d272b49,105.2,30.9,0,0.044056788,Right Foot,From Goal Kick,17.373830895919298,0.3926902824543263,0,2,0.08104658241768754,0.15,The shot is taken from a central position within the box but is heavily contested by multiple defenders and has a limited angle due to the proximity of the goalkeeper.,0.105943212,2,12-18
3857264,9cd13a7d-13be-4553-a2e1-b4bab349e413,106.0,33.5,1,0.10054177,Right Foot,From Free Kick,15.435349040433131,0.46679225272324776,0,1,0.1562594617628183,0.45,"The shot is taken from a central position within the penalty area with a relatively clear sight of goal, despite some defensive pressure.",0.34945823,1,12-18
3857268,a925c8e0-53ea-4496-9854-64292c603fa3,97.8,52.7,0,0.03604073,Right Foot,Regular Play,25.57596527992639,0.27144384650093417,0,1,0.05404601076664706,0.35,"The shot is taken from a central position within the penalty area with a relatively clear sight of goal, though several defenders are close by.",0.31395926999999996,1,25+
3869354,c53fbe0a-5479-4e5a-8637-6c83b7e68786,99.1,53.8,0,0.029508974,Left Foot,Regular Play,25.044959572736392,0.2670063377274518,0,2,0.03357118636310505,0.35,"The shot is taken from a relatively central position close to the goal, but the presence of multiple defenders in the immediate vicinity reduces the scoring probability.",0.32049102599999996,2,25+
3857268,026c0f2c-4a2f-489f-a26b-9bd76966366b,107.7,45.9,0,0.08619453,Left Foot,Regular Play,13.641847382227963,0.524448090696173,0,3,0.0689423795799144,0.45,"The shot is taken from a central, close-range position within the penalty area, despite the presence of several defenders and the goalkeeper.",0.36380547,3+,12-18
3857261,2df12147-20e3-409f-82da-ea198b3bd365,120.0,54.6,0,0.01084097,Head,From Free Kick,14.600000000000001,0.0,1,0,0.0671132987551648,0.85,"The shooter has a clear, unobstructed shot from very close range with the goalkeeper out of position.",0.83915903,0,12-18
3857279,2f831180-2b97-4643-b625-0f0d13fa60f6,108.0,25.2,0,0.027555656,Right Foot,From Free Kick,19.053608582103287,0.26987649253396284,0,2,0.060721126490250084,0.35,"The shot is taken from a relatively central position within the penalty area, but there are multiple defenders close to the shooter and the goalkeeper is well-positioned.",0.322444344,2,18-25
3857266,e5f4a1df-48f8-403f-84cf-2310bb7efb92,112.7,47.3,0,0.080693014,Left Foot,From Corner,10.32375900532359,0.5726643305145084,0,1,0.2235591642485729,0.75,"The shooter has a clear, close-range shot on goal with minimal immediate defensive pressure from the goalkeeper or opponents.",0.669306986,1,6-12
3869254,47d48ad1-0bec-4db0-89fa-69f2064e2eee,113.2,34.5,0,0.0836758,Head,From Corner,8.745856161634489,0.7324405015299309,1,1,0.11628037868523783,0.65,The shot is taken from very close range within the six-yard box with a clear sight of the goal despite some defensive pressure.,0.5663242,1,6-12
3857289,459d3411-945a-436f-b6eb-f7701b89cff7,106.5,22.8,1,0.035064373,Right Foot,From Corner,21.865269264292174,0.22959927098544142,0,1,0.0645039061019804,0.35,"The shot is taken from a central position within the penalty area, but there is significant defensive pressure from multiple opponents close to the shooter.",0.314935627,1,18-25
3857254,700d58f9-8032-4543-9a9d-b134c6996608,93.4,44.5,0,0.033114884,Right Foot,From Throw In,26.977953962448666,0.29049888849869476,0,2,0.02549471324036806,0.35,"The shot is taken from a central position within the penalty area, but is heavily contested by multiple defenders in close proximity.",0.31688511599999997,2,25+
3857258,3c39ef38-538e-4e10-af3d-768e0ed2dcd3,105.0,20.1,0,0.009459062,Right Foot,From Free Kick,24.920072231034965,0.19580258175343013,0,2,0.03257374717819007,0.35,"The shot is taken from a central, relatively close position within the penalty area, but there are multiple defenders in the immediate vicinity of the goal.",0.34054093799999996,2,18-25
3857295,a4a5da42-0a22-4fd7-9408-fc83c588f603,90.1,47.7,0,0.01353695,Left Foot,From Free Kick,30.87555667514353,0.24986780278832965,0,4,0.008673345755491516,0.15,The shot is taken from a central position but is heavily contested by multiple defenders in close proximity to the goal.,0.13646305,3+,25+
3857284,a54fab01-3f2e-4d5a-961f-16f3e8616662,101.9,45.1,0,0.06614002,Right Foot,From Throw In,18.804786624686805,0.40515628548184346,0,2,0.07222652586591033,0.35,"The shot is taken from a central position within the penalty area, but there are multiple defenders in close proximity to the shooter.",0.28385998,2,18-25
3857297,81bfba47-f671-4b85-adc5-fb8fc77f87b0,111.7,39.3,0,0.075333446,Head,From Corner,8.329465769183518,0.8936723417147205,1,5,0.020076896159160442,0.35,"The shot is taken from a central position within the penalty area, but there are multiple defenders close to the shooter and the goalkeeper is well-positioned.",0.27466655399999995,3+,6-12
3869254,3e9b1782-21f4-4684-a2b4-7fcb434e81d2,101.4,36.8,0,0.032515083,Right Foot,From Free Kick,18.873261509341724,0.4123179175413968,0,3,0.05067757883493588,0.35,"The shot is taken from a central position within the penalty area, but there is significant defensive pressure from multiple opponents close to the shooter.",0.317484917,3+,18-25
3857254,63422fb4-45a3-4f30-8340-53d468a8b8cb,114.7,29.6,0,0.04366076,Head,From Corner,11.672617529928749,0.338988087893515,1,1,0.0702247630427864,0.45,"The shot is taken from a central, high-quality position within the penalty area, though the goalkeeper and several defenders are positioned to block the path.",0.40633924,1,6-12
3869684,3d5d5149-d1b3-4625-b191-b66281462965,110.6,40.5,0,0.072652236,Head,From Free Kick,9.413288479590971,0.8029188654664914,1,2,0.0837694407125966,0.35,"The shot is taken from a relatively central position within the penalty area, but the goalkeeper is well-positioned and there are several defenders nearby.",0.277347764,2,6-12
3857285,ba96f3ec-0c47-44fe-a71d-e9bdbd6dfc70,103.3,40.4,0,0.06520781,Right Foot,Regular Play,16.704789732289363,0.46993826423517626,0,2,0.07935319775305134,0.35,"The shot is taken from a central position within the penalty area, but there are multiple defenders close to the shooter and the goalkeeper is well-positioned.",0.28479219,2,12-18
3857284,547ca4c3-bd06-4274-a82b-98622617e165,114.3,29.9,0,0.21508263,Left Foot,From Throw In,11.597413504743205,0.3673434691007311,0,1,0.18603910460812642,0.35,"The shot is taken from a central position within the penalty area, but the presence of multiple defenders in the immediate vicinity reduces the scoring probability.",0.13491736999999998,1,6-12
3857260,1d0a8857-a8ba-461f-9e98-de32270f52c7,110.9,45.2,1,0.51574713,Right Foot,Regular Play,10.48093507278811,0.6597509413993894,0,1,0.25668219828557415,0.65,The shooter has a clear sight of goal from a central position within the penalty area with minimal immediate pressure from defenders.,0.13425286999999997,1,6-12
3857271,eb01f465-08f6-4adf-a1b8-865127b41a97,109.7,47.7,1,0.40810898,Left Foot,From Goal Kick,12.860015552090129,0.5040810120419703,0,1,0.17934682385926964,0.45,"The shot is taken from a central, close-range position within the penalty area with a clear sight of the goal, despite some defensive pressure.",0.04189102,1,12-18
3857288,ad2caade-93ae-4fc8-bc21-a1142c2107d7,108.1,25.0,0,0.026706748,Left Foot,Regular Play,19.147062437878038,0.2651343157915508,0,2,0.06060717276682485,0.35,"The shot is taken from a relatively central position within the penalty area, but there are several defenders close by and the goalkeeper is well-positioned.",0.323293252,2,18-25
3869151,1ec1a0e0-f57f-4390-879a-872cdc7be137,103.6,50.1,0,0.046685893,Right Foot,Regular Play,19.260581507316964,0.3540356931622224,0,3,0.045685554535315386,0.85,"The shooter has a clear, high-quality shot from very close range with minimal defensive obstruction between the ball and the goal.",0.8033141069999999,3+,18-25
3869254,4702956b-c7d2-4b36-848c-4057f688bba0,111.3,27.5,1,0.10102074,Left Foot,From Throw In,15.229576487873851,0.311798553786496,0,1,0.12828479040117485,0.35,"The shot is taken from a relatively central position within the penalty area, but there are multiple defenders close to the shooter and the goalkeeper is well-positioned.",0.24897925999999998,1,12-18
3857262,9ec02244-15d4-4d47-9f4a-efabc72118a2,108.3,44.6,1,0.42196128,Right Foot,From Counter,12.571793825862724,0.5826223668828616,0,1,0.19761848397647125,0.15,The shot is taken from a relatively central position but is heavily contested by multiple defenders in close proximity to the goal.,-0.27196127999999997,1,12-18
3857286,8d9322d1-dee7-4ea0-9402-6122d500dcfe,112.3,37.4,0,0.13848205,Head,From Corner,8.127115109311548,0.8884797719201482,1,1,0.15271822671166765,0.65,"The shot is taken from a very central, high-quality position within the penalty area with a relatively clear sight of goal.",0.51151795,1,6-12
3857290,6f976433-79ae-46c6-8442-5619a2616918,108.7,32.1,0,0.15900026,Right Foot,Regular Play,13.787675656179323,0.4789222987389901,0,1,0.18110849640213242,0.05,The shot is taken from a very tight angle with multiple defenders closely contesting the space.,-0.10900026,1,12-18
3857296,526a8e99-85bc-4561-a695-0158650da5f7,100.9,28.3,0,0.026916144,Left Foot,From Corner,22.398660674245676,0.30479460454801105,0,5,0.0064416404335086675,0.15,The shot is taken from a relatively central position but is heavily contested by multiple defenders in close proximity to the goal.,0.12308385599999999,3+,18-25
3869254,9cc86132-6a78-440a-b926-2926ddd6946f,101.7,63.9,0,0.007870479,Left Foot,From Throw In,30.10149497948565,0.16301636790711926,0,1,0.025939432987209313,0.35,"The shot is taken from a relatively central position within the penalty area, but there is significant defensive congestion and a goalkeeper positioned to cover the angle.",0.342129521,1,25+
3857293,3346f978-27fc-4507-a755-40bf2c782df2,93.0,21.1,0,0.008103582,Right Foot,From Throw In,32.957700162481,0.19915411957325924,0,1,0.02427291452061938,0.35,"The shot is taken from a central position within the penalty area with a relatively clear sight of goal, despite some defensive pressure.",0.341896418,1,25+
3857284,60937c94-36e7-4cc1-9041-1be1cc64f688,117.7,49.5,0,0.0550312,Right Foot,Regular Play,9.774456506629921,0.22733133914400616,0,1,0.18941819195967266,0.85,"The shooter has a clear, high-quality shot from very close range with minimal defensive obstruction.",0.7949687999999999,1,6-12
3869254,37c91977-3d8e-42a7-8368-806c40c8e9fc,115.8,44.4,1,0.5086819,Left Foot,Regular Play,6.08276253029822,1.0121970114513343,0,1,0.4641105926127013,0.65,The shooter has a clear sight of goal from a central position within the penalty area with minimal immediate pressure from defenders.,0.1413181,1,6-12
3857257,b0746354-fb11-4c00-916e-2ffe9303599d,108.6,57.0,0,0.03670106,Right Foot,Regular Play,20.46851240320117,0.2225754221271612,0,1,0.08162800585154815,0.45,"The shot is taken from a central, relatively close position within the penalty area, though it is partially obstructed by several defenders.",0.41329894,1,18-25
3857261,e19e6d23-1ae7-41f7-8523-ca44e192c002,114.5,34.1,1,0.44030064,Left Foot,Regular Play,8.06597793203031,0.7310781308286474,0,1,0.37720296218944377,0.35,"The shot is taken from a relatively central position within the penalty area, but there are multiple defenders close by obstructing the path to the goal.",-0.09030064000000004,1,6-12
3857287,c2770548-8c9d-474a-8cd7-6114ce4f76e1,93.8,36.6,0,0.0335565,Left Foot,From Goal Kick,26.419689627245816,0.29816918426702327,0,2,0.03130394468821654,0.35,"The shot is taken from a central position relatively close to the goal, but there are several defenders in the immediate vicinity of the shooter and the goal path.",0.3164435,2,25+
3869486,1b7f0b8c-83a1-4f81-a6d2-469a14a2beda,107.6,26.3,0,0.082217455,Left Foot,From Counter,18.478365728602736,0.2958626104002894,0,1,0.093635104502814,0.45,"The shot is taken from a central position within the penalty area with a relatively clear sight of goal, despite some defensive pressure.",0.367782545,1,18-25
3857297,2be63b79-06c8-46a1-8688-d5257673d4d9,105.5,54.5,0,0.03839731,Right Foot,From Free Kick,20.506096654409877,0.2792789307665041,0,3,0.031566694838389614,0.35,"The shot is taken from a central position within the penalty area, but there is significant defensive pressure from multiple opponents close to the shooter.",0.31160268999999996,3+,18-25
3857297,1540a282-cfd2-4a45-96e6-3a95c39914f1,97.0,40.0,0,0.0391187,Right Foot,Regular Play,23.0,0.34438162904587805,0,3,0.02848516464933324,0.15,The shot is taken from a relatively central position but is heavily contested by multiple defenders in close proximity to the goal.,0.11088129999999999,3+,18-25
3857290,c16ca4fa-a630-423d-9594-9b5000b69427,110.6,53.8,0,0.08237888,Right Foot,Regular Play,16.69730517179344,0.2787016690337062,0,1,0.11793222916633399,0.05,The shot is taken from a relatively central but wide angle with several defenders closely contesting the space in front of the goal.,-0.03237888,1,12-18
3857300,994da29b-03e4-4354-94fa-09955eeb2744,101.1,41.8,0,0.050540753,Right Foot,From Free Kick,18.98552079875609,0.41363578194856304,0,6,0.006744726244505334,0.65,"The shot is taken from a very central, close-range position with a relatively clear path to the goal despite some defensive pressure.",0.599459247,3+,18-25
3857285,b5d4b6d2-2276-4827-ad51-fd13e52e6ecf,100.9,48.4,0,0.025139945,Right Foot,From Free Kick,20.86552180032888,0.3494064989838515,0,2,0.047696751233987734,0.45,"The shot is taken from a central, relatively close position within the penalty area with a clear sight of the goal, despite some defensive pressure.",0.424860055,2,18-25
3857273,9a788179-9c98-49e9-a51e-80a48d401785,111.0,36.2,0,0.21401532,Head,From Counter,9.769339793455849,0.7363092639388772,1,1,0.14272874835540517,0.35,"The shot is taken from a central position close to the goal, but there are several defenders in the immediate vicinity of the shooter and the goal.",0.13598467999999997,1,6-12
3857261,d0ea94db-b546-458a-90c6-ee49c9ae5d93,101.5,35.7,0,0.028181294,Left Foot,From Free Kick,18.99315666233499,0.40551477810559045,0,3,0.03572468747173219,0.45,"The shot is taken from a central, close-range position within the penalty area, though several defenders are positioned between the shooter and the goal.",0.421818706,3+,18-25
3857264,12475fe7-5f96-4551-8b24-4099dcb63911,108.8,43.5,0,0.04381306,Head,From Free Kick,11.73413822996815,0.6346734488587802,1,1,0.0875982215783207,0.35,"The shot is taken from a central position within the penalty area, but the goalkeeper's positioning and the presence of several defenders close to the shooter reduce the scoring probability.",0.30618693999999996,1,6-12
3857274,d53ccaf1-0307-4067-946b-d514978dfae2,116.0,38.1,1,0.790909,Right Foot,From Counter,4.428317965096905,1.4584587807390368,0,0,0.8138948297172757,0.65,"The shot is taken from a very close central position with a clear sight of the goal, despite some defensive pressure.",-0.14090899999999995,0,<6
3869354,9747c65f-740c-42bb-87a9-a309a35acf08,99.5,53.8,0,0.030820057,Left Foot,From Keeper,24.71214276423637,0.2690855874522838,0,2,0.0347850423502355,0.35,"The shot is taken from a relatively central position within the penalty area, but there are multiple defenders close to the shooter and the goalkeeper is well-positioned.",0.31917994299999997,2,18-25
3857258,688ff909-c4de-4082-8d84-0aa37c1105b4,95.6,50.9,0,0.018288644,Right Foot,From Corner,26.7239592875008,0.2726266759170741,0,4,0.01178801772047416,0.15,The shot is taken from a relatively central position but is heavily contested by multiple defenders in close proximity to the goal.,0.131711356,3+,25+
3857280,a638d5f3-6820-4295-80f9-51ce1021ac4e,105.3,39.2,0,0.075584605,Left Foot,From Corner,14.721752613055283,0.5299587516950519,0,3,0.06279695764442055,0.35,"The shot is taken from a central position relatively close to the goal, but there are multiple defenders in the immediate vicinity of the shooter and the goal.",0.274415395,3+,12-18
3857266,7bfd3322-79dd-41dc-8ea9-dd83156ee37a,112.4,46.9,0,0.0425816,Head,From Corner,10.264989040422785,0.5973939263237251,1,2,0.055783613757214544,0.65,The shot is taken from a high-quality central position very close to the goal with a clear sight of the net.,0.6074184,2,6-12
3857263,a02febea-2c60-41f1-914d-dc065dd50ac7,98.9,25.7,0,0.053563386,Right Foot,From Free Kick,25.489213404889522,0.2603273615500657,0,5,0.007614857871227631,0.65,The shot is taken from a very close central position with a relatively clear path to the goal despite some defensive pressure.,0.596436614,3+,25+
3857256,ce3f29de-9ef9-4f98-88a2-12d09c20c0c3,106.2,25.8,0,0.03203667,Right Foot,Regular Play,19.801010075246158,0.28553311010058435,0,2,0.04862353972219184,0.35,"The shot is taken from a relatively central position within the penalty area, but the presence of multiple defenders and the goalkeeper's positioning reduces the scoring probability.",0.31796333,2,18-25
3857265,4c292e31-05ce-4f6f-a5d1-5e5d408b26e6,113.3,41.7,0,0.12449861,Head,From Corner,6.912307863514186,1.035606040708466,1,1,0.18144645675442161,0.15,The shot is taken from a central position within the penalty area but is heavily contested by multiple defenders in close proximity to the shooter.,0.02550139,1,6-12
3857298,9e626aa5-58e5-48c8-afd9-6d8eb3596264,107.5,52.6,1,0.21504128,Right Foot,Regular Play,17.748521065147937,0.3227435031290147,0,1,0.11200835195525688,0.15,The shot is taken from a relatively central position but is heavily contested by multiple defenders and has a limited angle towards the goal.,-0.06504128,1,12-18
3869321,8d04b410-694a-4eb3-8354-d8e67249dfb3,104.0,32.2,0,0.03387043,Right Foot,Regular Play,17.799999999999997,0.4022731921771866,0,2,0.07291511203405782,0.35,"The shot is taken from a central position within the penalty area, but there is significant defensive pressure from nearby opponents and the goalkeeper is well-positioned.",0.31612956999999997,2,12-18
3857261,5f957f67-cdbc-4a3e-b3bc-89492062f995,104.0,39.5,0,0.28441095,Right Foot,From Throw In,16.00781059358212,0.48952515081739684,0,1,0.16563661411909725,0.35,"The shot is taken from a relatively central position close to the goal, but is heavily contested by multiple defenders.",0.06558904999999998,1,12-18
3857256,ddb6f298-8ac3-4d35-bfb7-f03f76b54c1e,106.2,31.8,1,0.15928414,Left Foot,From Counter,16.05241414865689,0.4284963703709624,0,1,0.13265054894930423,0.35,"The shot is taken from a central position relatively close to the goal, but there are multiple defenders in the immediate vicinity of the shooter and the goal.",0.19071586,1,12-18
3857288,8aa0fcc9-cdaa-47ab-b593-ec0343ad1843,107.3,39.8,0,0.06400663,Head,From Throw In,12.701574705523724,0.6101207438578837,1,1,0.07827374637991132,0.35,"The shot is taken from a central position relatively close to the goal, but there are multiple defenders in the immediate vicinity of the shooter and the goal.",0.28599336999999997,1,12-18
3857259,ff453b86-63e4-4e15-a1f3-2513f1f9f4f3,92.3,33.6,0,0.027356416,Right Foot,From Throw In,28.429737951659,0.27273947619580957,0,2,0.02926879603851549,0.35,"The shot is taken from a central position within the penalty area with a relatively clear sight of goal, despite some defensive pressure.",0.322643584,2,25+
3857292,dfa9f0c8-7c97-42fe-9d91-b21cee6dd5ff,91.0,39.6,0,0.02438984,Left Foot,From Corner,29.00275848949544,0.27408181641226154,0,2,0.023757410433803167,0.35,"The shot is taken from a central position relatively close to the goal, but there is significant defensive congestion in the immediate vicinity of the goal.",0.32561016,2,25+
3857289,70e7f361-0036-4d20-a401-2e4afbd31e5a,94.9,37.4,1,0.033919714,Left Foot,From Goal Kick,25.234302050978144,0.3128467564633495,0,2,0.030731547379658813,0.35,"The shot is taken from a central position relatively close to the goal, but the presence of several defenders in the immediate vicinity reduces the scoring probability.",0.316080286,2,25+
3857297,d2f58c81-92d6-4a50-811a-2413929f5c1d,91.6,24.8,0,0.012477021,Right Foot,From Goal Kick,32.21179908046119,0.2188347696017977,0,3,0.012408009162421501,0.35,"The shot is taken from a central position within the penalty area with a relatively clear sight of goal, despite some defensive pressure.",0.337522979,3+,25+
3869420,b43d9cd5-f92f-448e-9fc1-967b658adfda,104.7,46.8,0,0.06132018,Left Foot,Regular Play,16.743058263053374,0.4336593663802901,0,2,0.09057279228950221,0.45,"The shot is taken from a central, high-quality position within the penalty area, though the presence of several defenders and the goalkeeper reduces the probability.",0.38867982,2,12-18
3869219,605589a6-a83f-4533-b88f-a8e775efa581,109.5,45.1,0,0.10111922,Head,Regular Play,11.673045875006233,0.6097095456618276,1,1,0.083584440133839,0.35,"The shot is taken from a central position within the penalty area with a relatively clear sight of goal, despite some defensive pressure.",0.24888077999999997,1,6-12
3857267,5783c86d-02e9-4d3c-89e8-0b1ea00d2aca,106.7,38.8,0,0.042533338,Head,Regular Play,13.354025610279468,0.5802004211660252,1,1,0.08022034663656243,0.35,"The shot is taken from a central position within the penalty area, but there are multiple defenders close to the shooter and the goalkeeper is well-positioned.",0.307466662,1,12-18
3857268,64d9bf0a-3845-4cfa-b1f8-e81c4341f568,104.4,37.5,0,0.08845105,Right Foot,From Throw In,15.799050604387588,0.49065026680977486,0,2,0.09718853455510974,0.35,"The shot is taken from a central position within the penalty area, but there are multiple defenders close to the shooter and the goalkeeper is well-positioned.",0.26154895,2,12-18
3857272,3e1d3da1-96d0-4420-ba9c-dd49658072d5,105.3,20.7,0,0.009332121,Right Foot,From Throw In,24.260667756679744,0.2025691422765692,0,2,0.030509572874167327,0.35,"The shot is taken from a relatively central position within the penalty area, but the presence of multiple defenders close to the shooter reduces the scoring probability.",0.34066787899999995,2,18-25
3857286,661531f6-17c2-4898-a780-a61b4cbf95a9,113.0,43.7,0,0.21267414,Head,From Free Kick,7.917701686727028,0.8758121993431588,1,1,0.1536865702858098,0.45,"The shot is taken from a central position relatively close to the goal, but there are multiple defenders in the immediate vicinity of the shooter and the goal path.",0.23732586,1,6-12
3857278,59597c3f-d84d-467b-a791-46d9ffd85032,114.1,38.7,0,0.39133456,Head,From Throw In,6.041522986797291,1.1610564029394306,1,1,0.2167224782142803,0.75,"The shooter has a clear, high-quality shot from close range with minimal immediate defensive pressure in the direct line of the goal.",0.35866544,1,6-12
3857258,4780ef6a-c5b0-4ed1-912e-829dd87523ad,98.8,27.3,0,0.03669105,Right Foot,Regular Play,24.712952069714376,0.27779769450018305,0,1,0.05658228829948807,0.35,"The shot is taken from a central position within the penalty area, but the presence of multiple defenders and the goalkeeper's positioning reduces the scoring probability.",0.31330895,1,18-25
3857282,6c3a8948-24c5-4a9f-94ef-820524a32e7c,116.3,46.7,0,0.09428854,Head,From Corner,7.653757247260986,0.6074716314860076,1,1,0.14726496350758822,0.05,The shot is taken from a very tight angle with multiple defenders closely contesting the space.,-0.04428854,1,6-12
3869685,db8267ad-256a-450d-997f-382a4d545634,89.8,39.9,0,0.023031652,Right Foot,From Free Kick,30.200165562460086,0.26336490194233986,0,3,0.015209197772898924,0.35,"The shot is taken from a central position relatively close to the goal, but the presence of multiple defenders in the immediate vicinity reduces the scoring probability.",0.32696834799999996,3+,25+
3857254,641eb264-6cf2-4608-a8b8-5c2405194994,117.4,37.0,0,0.27134958,Head,From Corner,3.9698866482558377,1.5823342763123576,1,1,0.42556089935879704,0.75,The shot is taken from very close range with a clear sight of the goal and minimal defensive obstruction.,0.47865042,1,<6
3857297,39f1b4e4-757e-4c37-b42d-b52826448257,96.0,34.2,0,0.03677261,Right Foot,From Free Kick,24.690889007891148,0.31280973066323164,0,2,0.04026642749242061,0.35,"The shot is taken from a central position within the penalty area with a relatively clear sight of goal, despite some defensive pressure.",0.31322739,2,18-25
3857284,dfd8ea23-e92c-4b57-bfd0-1617a8253887,93.1,48.2,0,0.028658802,Left Foot,Regular Play,28.12205540141048,0.2709035842118308,0,1,0.03578193104455944,0.45,"The shot is taken from a central, high-quality position within the penalty area with a clear sight of goal, despite some defensive pressure.",0.42134119800000003,1,25+
3857292,144b76d4-3fe1-4f55-9f32-ca04aa1ab4f2,106.4,28.9,0,0.06251996,Right Foot,From Throw In,17.55477143115227,0.35647692410554976,0,1,0.11761557489474805,0.45,"The shot is taken from a central position close to the goal with several defenders nearby, but the goalkeeper is slightly out of position.",0.38748004,1,12-18
3869220,990bd967-1e5e-4380-baf7-13af7ddde792,102.6,47.1,0,0.0709334,Left Foot,Regular Play,18.792817777012583,0.3915330397737644,0,2,0.060310493864283846,0.45,"The shot is taken from a central, relatively close position within the penalty area, but there are several defenders in the immediate vicinity of the goal.",0.37906660000000003,2,18-25
